종목코드,종목명,증권그룹구분코드,시장구분
F70100030,한투한미핵심성장포커스1(A),BC,KOSPI
F70100031,한투한미핵심성장포커스1(A-e),BC,KOSPI
F70100032,한투한미핵심성장포커스2(A),BC,KOSPI
F70100033,한투한미핵심성장포커스2(A-e),BC,KOSPI
F70100034,한투한미넥스트혁신성장1(A),BC,KOSPI
F70100035,한투한미넥스트혁신성장1(A-e),BC,KOSPI
F70100036,한투한미넥스트혁신성장2(A),BC,KOSPI
F70100037,한투한미넥스트혁신성장2(A-e),BC,KOSPI
F70100038,한투AI혁신산업1(A-e),BC,KOSPI
F70100039,한투AI혁신산업2(A),BC,KOSPI
F70100040,한투AI혁신산업2(A-e),BC,KOSPI
F70100041,한투AI혁신산업1(A),BC,KOSPI
F70100042,한투한국핵심성장포커스1(A),BC,KOSPI
F70100043,한투한국핵심성장포커스1(A-e),BC,KOSPI
F70100044,한투한국핵심성장포커스2(A),BC,KOSPI
F70100045,한투한국핵심성장포커스2(A-e),BC,KOSPI
F70101B95,밀라노부동산,BC,KOSPI
F70101B96,벨기에코어오피스2호,BC,KOSPI
F70101B9A,한국투자뉴욕오피스1호,BC,KOSPI
F70102B96,룩셈부르크코어오피스(파생형)(A),BC,KOSPI
F70103B96,룩셈부르크코어오피스(파생형)(C-I),BC,KOSPI
F70900001,대신하이일드공모주알파증권2호 A,BC,KOSPI
F70900002,대신하이일드공모주알파증권2호 A-e,BC,KOSPI
F71201B98,키움히어로즈유럽오피스부동산1호 A,BC,KOSPI
F71202B98,키움히어로즈유럽오피스부동산1호 C-I,BC,KOSPI
F71203B98,키움히어로즈유럽오피스부동산2호 A,BC,KOSPI
F71204B98,키움히어로즈유럽오피스부동산2호 C-I,BC,KOSPI
F71205B98,키움히어로즈유럽오피스부동산3호 A,BC,KOSPI
F71206B98,키움히어로즈유럽오피스부동산3호 C-I,BC,KOSPI
F71207B98,키움히어로즈유럽오피스부동산4호 A,BC,KOSPI
F71208B98,키움히어로즈유럽오피스부동산4호 C-I,BC,KOSPI
F73400008,코레이트하이일드공모주만기형3호 A,BC,KOSPI
F73400009,코레이트하이일드공모주만기형3호 A2,BC,KOSPI
F73400010,코레이트하이일드공모주만기형3호 Ae,BC,KOSPI
F73400011,코레이트하이일드공모주만기형4호 A,BC,KOSPI
F73400012,코레이트하이일드공모주만기형4호 Ae,BC,KOSPI
F74201773,하나대체나사부동산1호,BC,KOSPI
F74201BAA,하나대체미국부동산1호 A,BC,KOSPI
F74202BAA,하나대체미국부동산1호 C-I,BC,KOSPI
F74401777,맵스미국11호,BC,KOSPI
F74401BAA,맵스미국16호 종류A,BC,KOSPI
F74601669,KCGI베트남증권투자신탁,BC,KOSPI
F74701776,이지스코어부동산126호 A,BC,KOSPI
F74701B97,이지스글로벌281호 Class A,BC,KOSPI
F74701B9A,이지스299호A,BC,KOSPI
F74702776,이지스코어부동산126호 C-i,BC,KOSPI
F75601BA2,유경공모부동산3호ClassA,BC,KOSPI
F75602BA2,유경공모부동산3호ClassC-I,BC,KOSPI
F75701BA7,현대유퍼스트부동산30호[파생형] A,BC,KOSPI
F75702BA7,현대유퍼스트부동산30호[파생형] C-i,BC,KOSPI
F76201BC5,이탈리아물류1호 종류A,BC,KOSPI
F77200017,한국밸류라이프V파워1(A),BC,KOSPI
F77200018,한국밸류라이프V파워1(A-e),BC,KOSPI
F77200019,한국밸류라이프V파워1(C-F),BC,KOSPI
F77200020,한국밸류라이프V파워2(A),BC,KOSPI
F77200021,한국밸류라이프V파워2(A-e),BC,KOSPI
F77200022,한국밸류라이프V파워2(C-F),BC,KOSPI
F77200023,한국밸류코리아기업가치포커스1호A,BC,KOSPI
F77200024,한국밸류코리아기업가치포커스1호C-F,BC,KOSPI
F77200025,한국밸류코리아기업가치포커스2호A,BC,KOSPI
F77200026,한국밸류코리아기업가치포커스1호A-e,BC,KOSPI
F77200027,한국밸류코리아기업가치포커스2호C-F,BC,KOSPI
F77200028,한국밸류코리아기업가치포커스2호A-e,BC,KOSPI
F77200029,한국밸류 K-파워2 1호(A),BC,KOSPI
F77200030,한국밸류 K-파워2 1호(A-e),BC,KOSPI
F77200031,한국밸류 K-파워2 2호(C-F),BC,KOSPI
F77200032,한국밸류 K-파워2 2호(A-e),BC,KOSPI
F77200033,한국밸류 K-파워2 2호(A),BC,KOSPI
F77200034,한국밸류 K-파워2 1호(C-F),BC,KOSPI
F77200035,한국밸류 기업가치포커스3 1호(A),BC,KOSPI
F77200036,한국밸류 기업가치포커스3 1호(A-e),BC,KOSPI
F77200037,한국밸류 기업가치포커스3 1호(C-F),BC,KOSPI
F77200038,한국밸류 기업가치포커스3 2호(A),BC,KOSPI
F77200039,한국밸류 기업가치포커스3 2호(A-e),BC,KOSPI
F77200040,한국밸류 기업가치포커스3 2호(C-F),BC,KOSPI
0000D0,TIGER 엔비디아미국채커버드콜밸런스(합성),EF,KOSPI
0000H0,KODEX 인도Nifty미드캡100,EF,KOSPI
0000J0,PLUS 한화그룹주,EF,KOSPI
0000Y0,HK 26-12 회사채(AA-이상)액티브,EF,KOSPI
0000Z0,RISE 바이오TOP10액티브,EF,KOSPI
0001P0,마이티 바이오시밀러&CDMO액티브,EF,KOSPI
0002C0,에셋플러스 인도일등기업포커스20액티브,EF,KOSPI
0004G0,1Q 미국배당TOP30,EF,KOSPI
0005A0,KODEX 미국S&P500데일리커버드콜OTM,EF,KOSPI
0005C0,RISE 미국S&P500엔화노출(합성 H),EF,KOSPI
0005D0,SOL 전고체배터리&실리콘음극재,EF,KOSPI
0005G0,IBK K-AI반도체코어테크,EF,KOSPI
0007F0,KODEX 27-12 회사채(AA-이상)액티브,EF,KOSPI
0007G0,PLUS 글로벌원자력밸류체인,EF,KOSPI
0007N0,아이엠에셋 200,EF,KOSPI
0008E0,ACE 미국중심중소형제조업,EF,KOSPI
0008S0,TIGER 미국배당다우존스타겟데일리커버드콜,EF,KOSPI
0008T0,SOL 화장품TOP3플러스,EF,KOSPI
0013P0,RISE 미국은행TOP10,EF,KOSPI
0013R0,RISE 테슬라미국채타겟커버드콜혼합(합성),EF,KOSPI
0015B0,KoAct 미국나스닥성장기업액티브,EF,KOSPI
0015E0,KIWOOM 엔비디아미국30년국채혼합액티브(H),EF,KOSPI
0015F0,KIWOOM 팔란티어미국30년국채혼합액티브(H),EF,KOSPI
0015K0,TIGER 미국소비트렌드액티브,EF,KOSPI
0016X0,SOL 중단기회사채(A-이상)액티브,EF,KOSPI
0017Y0,1Q 종합채권(AA-이상)액티브,EF,KOSPI
0018C0,PLUS 고배당주위클리고정커버드콜,EF,KOSPI
0018Z0,RISE 미국양자컴퓨팅,EF,KOSPI
0019K0,TIME 미국나스닥100채권혼합50액티브,EF,KOSPI
0020H0,KoAct 글로벌양자컴퓨팅액티브,EF,KOSPI
0022T0,SOL 국제금커버드콜액티브,EF,KOSPI
0023A0,SOL 미국양자컴퓨팅TOP10,EF,KOSPI
0023B0,PLUS 미국양자컴퓨팅TOP10,EF,KOSPI
0025N0,TIGER TDF2045 적격,EF,KOSPI
0026E0,KODEX 미국S&P500버퍼3월액티브,EF,KOSPI
0026S0,1Q 미국S&P500,EF,KOSPI
0028X0,KODEX 미국금융테크액티브,EF,KOSPI
0030R0,대신밸류리츠,RT,KOSPI
0035T0,PLUS 글로벌휴머노이드로봇액티브,EF,KOSPI
0036R0,RISE 미국휴머노이드로봇,EF,KOSPI
0036Z0,RISE 미국천연가스밸류체인,EF,KOSPI
0038A0,KODEX 미국휴머노이드로봇,EF,KOSPI
0040S0,HANARO 글로벌피지컬AI액티브,EF,KOSPI
0040X0,SOL 팔란티어미국채커버드콜혼합,EF,KOSPI
0040Y0,SOL 팔란티어커버드콜OTM채권혼합,EF,KOSPI
0041D0,KODEX 미국AI소프트웨어TOP10,EF,KOSPI
0041E0,KODEX 미국S&P500액티브,EF,KOSPI
0043B0,TIGER 머니마켓액티브,EF,KOSPI
0043Y0,TIME 차이나AI테크액티브,EF,KOSPI
0046A0,TIGER 미국초단기(3개월이하)국채,EF,KOSPI
0046Y0,ACE 미국배당퀄리티,EF,KOSPI
0047A0,TIGER 차이나테크TOP10,EF,KOSPI
0047N0,PLUS 차이나AI테크TOP10,EF,KOSPI
0047P0,RISE 테슬라고정테크100,EF,KOSPI
0047R0,RISE 팔란티어고정테크100,EF,KOSPI
0048J0,KODEX 미국머니마켓액티브,EF,KOSPI
0048K0,KODEX 차이나휴머노이드로봇,EF,KOSPI
0049K0,ACE 미국배당퀄리티채권혼합50,EF,KOSPI
0049M0,ACE 미국배당퀄리티+커버드콜액티브,EF,KOSPI
0050E0,PLUS 미국AI에이전트,EF,KOSPI
0051A0,KoAct 브로드컴밸류체인액티브,EF,KOSPI
0051G0,SOL 미국원자력SMR,EF,KOSPI
0052D0,TIGER 코리아배당다우존스,EF,KOSPI
0052S0,1Q 미국S&P500미국채혼합50액티브,EF,KOSPI
0052T0,1Q 중단기회사채(A-이상)액티브,EF,KOSPI
0053L0,TIGER 차이나휴머노이드로봇,EF,KOSPI
0053M0,더제이 중소형포커스액티브,EF,KOSPI
0057H0,PLUS 미국S&P500미국채혼합50액티브,EF,KOSPI
0060H0,TIGER 토탈월드스탁액티브,EF,KOSPI
0061Z0,RISE 단기특수은행채액티브,EF,KOSPI
0064K0,KODEX 금액티브,EF,KOSPI
0065G0,KODEX 차이나테크TOP10,EF,KOSPI
0066W0,SOL 국제금,EF,KOSPI
0067V0,TIGER 차이나글로벌리더스TOP3+,EF,KOSPI
0067Y0,TIGER 차이나AI소프트웨어,EF,KOSPI
0068M0,KODEX 미국S&P500버퍼6월액티브,EF,KOSPI
0069M0,1Q 미국나스닥100,EF,KOSPI
0072R0,TIGER KRX금현물,EF,KOSPI
0073X0,FOCUS 알리바바미국채커버드콜혼합,EF,KOSPI
0074K0,KoAct K수출핵심기업TOP30액티브,EF,KOSPI
0078V0,PLUS 미국로보택시,EF,KOSPI
0079X0,ACE BYD밸류체인액티브,EF,KOSPI
0080G0,KODEX 방산TOP10,EF,KOSPI
0080X0,SOL 미국S&P500미국채혼합50,EF,KOSPI
0080Y0,SOL 조선TOP3플러스레버리지,EF,KOSPI
0082F0,HANARO 유럽방산,EF,KOSPI
0082V0,KODEX TDF2060액티브 적격,EF,KOSPI
0083S0,1Q 미국메디컬AI,EF,KOSPI
0084D0,KIWOOM 미국테크100월간목표헤지액티브,EF,KOSPI
0084E0,KIWOOM 미국대형주500월간목표헤지액티브,EF,KOSPI
0085N0,ACE 미국10년국채액티브(H),EF,KOSPI
0085P0,ACE 미국10년국채액티브,EF,KOSPI
0086B0,TIGER 리츠부동산인프라TOP10액티브,EF,KOSPI
0086C0,TIGER 리츠부동산인프라10채권혼합액티브,EF,KOSPI
0087F0,ACE 차이나AI빅테크TOP2+액티브,EF,KOSPI
0088N0,WON K-글로벌수급상위,EF,KOSPI
0089B0,PLUS 미국나스닥100미국채혼합50,EF,KOSPI
0089C0,KODEX 미국S&P500변동성확대시커버드콜,EF,KOSPI
0089D0,KODEX 금융고배당TOP10,EF,KOSPI
0090B0,PLUS K방산소부장,EF,KOSPI
0091C0,KODEX 미국10년국채액티브(H),EF,KOSPI
0091M0,HANARO 27-06 회사채(AA-이상)액티브,EF,KOSPI
0091P0,TIGER 코리아원자력,EF,KOSPI
0092B0,SOL 한국원자력SMR,EF,KOSPI
0092C0,SOL 27-12 회사채(AA-이상)액티브,EF,KOSPI
0093A0,RISE AI반도체TOP10,EF,KOSPI
0093B0,RISE 엔비디아고정테크100,EF,KOSPI
0093D0,KoAct 팔란티어밸류체인액티브,EF,KOSPI
0094K0,TIGER 28-04 회사채(A+이상)액티브,EF,KOSPI
0094L0,RISE 차이나테크TOP10위클리타겟커버드콜,EF,KOSPI
0094M0,RISE 코리아밸류업위클리고정커버드콜,EF,KOSPI
0094X0,1Q 샤오미밸류체인액티브,EF,KOSPI
0097L0,KIWOOM 한국고배당&미국AI테크,EF,KOSPI
0098F0,KODEX 원자력SMR,EF,KOSPI
0098N0,PLUS 자사주매입고배당주,EF,KOSPI
0098Z0,FOCUS 200,EF,KOSPI
0099L0,ACE 우량회사채(AA-이상)액티브,EF,KOSPI
0100K0,KODEX 방산TOP10레버리지,EF,KOSPI
0101N0,RISE AI전력인프라,EF,KOSPI
0102A0,TIGER 미국AI소프트웨어TOP4Plus,EF,KOSPI
0102X0,ACE 유럽방산TOP10,EF,KOSPI
0103T0,1Q K소버린AI,EF,KOSPI
0104G0,PLUS K방산레버리지,EF,KOSPI
0104H0,KoAct 미국나스닥채권혼합50액티브,EF,KOSPI
0104N0,TIGER 200타겟위클리커버드콜,EF,KOSPI
0104P0,TIGER 코리아배당다우존스위클리커버드콜,EF,KOSPI
0105D0,SOL 한국AI소프트웨어,EF,KOSPI
0105E0,SOL 코리아고배당,EF,KOSPI
0106J0,대신 KOSPI200인덱스 X클래스,PF,KOSPI
0107F0,KIWOOM 미국고배당&AI테크,EF,KOSPI
0111J0,HANARO 증권고배당TOP3플러스,EF,KOSPI
0111P0,1Q 미국나스닥100미국채혼합50액티브,EF,KOSPI
0112X0,마이티 200TR,EF,KOSPI
0113D0,TIME 글로벌탑픽액티브,EF,KOSPI
0113G0,KoAct 미국바이오헬스케어액티브,EF,KOSPI
0113P0,HK 머니마켓액티브,EF,KOSPI
0114X0,RISE 글로벌게임테크TOP3Plus,EF,KOSPI
0115C0,RISE 미국고배당다우존스TOP10,EF,KOSPI
0115D0,KODEX 조선TOP10,EF,KOSPI
0115E0,KODEX 코리아소버린AI,EF,KOSPI
0117L0,KODEX 26-12 금융채(AA-이상)액티브,EF,KOSPI
0117V0,TIGER 코리아AI전력기기TOP3플러스,EF,KOSPI
0118S0,SOL 미국넥스트테크TOP10액티브,EF,KOSPI
0118Z0,ACE 미국AI테크핵심산업액티브,EF,KOSPI
0119H0,KODEX 28-12 회사채(AA-이상)액티브,EF,KOSPI
0120J0,BNK 카카오그룹포커스,EF,KOSPI
0120X0,유진 챔피언중단기크레딧 X클래스,PF,KOSPI
0122W0,RISE 26-11 회사채(AA-이상)액티브,EF,KOSPI
0123G0,TIGER 미국AI전력SMR,EF,KOSPI
0123S0,HANARO 26-12 은행채(AA+이상)액티브,EF,KOSPI
0127M0,ACE 미국대형가치주액티브,EF,KOSPI
0127P0,ACE 미국대형성장주액티브,EF,KOSPI
0127R0,RISE 미국AI클라우드인프라,EF,KOSPI
0127T0,KIWOOM 미국S&P500&배당다우존스비중전환,EF,KOSPI
0127V0,KIWOOM 미국S&P500 TOP10&배당다우비중전환,EF,KOSPI
0128D0,PLUS 차이나항셍테크위클리타겟커버드콜,EF,KOSPI
0131A0,SOL 차이나소비트렌드,EF,KOSPI
0131V0,1Q 미국우주항공테크,EF,KOSPI
0131W0,1Q 단기특수은행채액티브,EF,KOSPI
0132D0,KoAct 글로벌K컬처밸류체인액티브,EF,KOSPI
0132H0,KODEX 미국원자력SMR,EF,KOSPI
0132K0,PLUS 테슬라위클리커버드콜채권혼합,EF,KOSPI
0133E0,TIGER 차이나증권,EF,KOSPI
0135Y0,IBK 중기종합채권(AA-이상)액티브,EF,KOSPI
0137V0,KIWOOM 미국S&P500모멘텀,EF,KOSPI
0137W0,KIWOOM 미국S&P500&GOLD,EF,KOSPI
0138D0,RISE 동학개미,EF,KOSPI
0138T0,RISE 미국S&P500데일리고정커버드콜,EF,KOSPI
0138Y0,PLUS 금채권혼합,EF,KOSPI
0139F0,TIGER 12월자동연장금융채(AA-이상)액티브,EF,KOSPI
0139P0,ACE 고배당주,EF,KOSPI
0141S0,SOL 조선기자재,EF,KOSPI
0141T0,SOL 중기종합채권(AA-이상)액티브,EF,KOSPI
0142D0,TIGER 미국AI데이터센터TOP4Plus,EF,KOSPI
0144L0,KODEX 미국성장커버드콜액티브,EF,KOSPI
0144M0,KODEX 미국드론UAM TOP10,EF,KOSPI
0148J0,TIGER 코리아휴머노이드로봇산업,EF,KOSPI
0150K0,KoAct 수소전력ESS인프라액티브,EF,KOSPI
0151P0,RISE 코리아전략산업액티브,EF,KOSPI
0151S0,KODEX 미국AI반도체TOP3플러스,EF,KOSPI
0152E0,SOL 배당성향탑픽액티브,EF,KOSPI
0153K0,KODEX 주주환원고배당주,EF,KOSPI
0153P0,ACE 리츠부동산인프라액티브,EF,KOSPI
0153X0,PLUS 미국고배당주액티브,EF,KOSPI
0154F0,WON 초대형IB&금융지주,EF,KOSPI
0154H0,KoAct 차이나바이오헬스케어액티브,EF,KOSPI
0155M0,ACE 미국SMR원자력TOP10,EF,KOSPI
0155N0,HANARO K휴머노이드테마TOP10,EF,KOSPI
0162L0,KODEX 차이나AI반도체TOP10,EF,KOSPI
0162M0,KODEX 금융채1~2년(AA-이상)PLUS액티브,EF,KOSPI
0162Y0,TIME 코스닥액티브,EF,KOSPI
0162Z0,RISE 삼성전자SK하이닉스채권혼합50,EF,KOSPI
0163Y0,KoAct 코스닥액티브,EF,KOSPI
0164G0,RISE 차이나AI반도체TOP4Plus,EF,KOSPI
0166N0,PLUS 코스닥150액티브,EF,KOSPI
0166S0,PLUS K제조업핵심기업액티브,EF,KOSPI
0166T0,PLUS 글로벌저작권핵심기업액티브,EF,KOSPI
0167A0,SOL AI반도체TOP2플러스,EF,KOSPI
0167B0,SOL 200타겟위클리커버드콜,EF,KOSPI
0167Z0,KODEX 미국우주항공,EF,KOSPI
0168K0,TIGER 기술이전바이오액티브,EF,KOSPI
0172V0,1Q 은액티브,EF,KOSPI
0172Y0,ACE K수출핵심TOP10산업액티브,EF,KOSPI
0173Y0,KODEX 미국AI광통신네트워크,EF,KOSPI
0174B0,KoAct 글로벌AI메모리반도체액티브,EF,KOSPI
0174J0,DAISHIN 오피스리츠플러스,EF,KOSPI
0174R0,KIWOOM 미국성장다우존스,EF,KOSPI
0176E0,RISE 미국AI전력인프라액티브,EF,KOSPI
0176P0,FOCUS AI반도체위클리고정커버드콜,EF,KOSPI
0177A0,WON 두산그룹포커스,EF,KOSPI
0177N0,KODEX 삼성전자SK하이닉스채권혼합50,EF,KOSPI
0177R0,TIGER 반도체TOP10커버드콜액티브,EF,KOSPI
0177X0,ACE K휴머노이드로봇산업TOP2+,EF,KOSPI
0178H0,IBK 미국AI TOP10국채혼합50,EF,KOSPI
0180V0,ACE 미국우주테크액티브,EF,KOSPI
0181B0,HANARO 미국AI메모리반도체TOP4+,EF,KOSPI
0181L0,SOL 미국우주항공TOP10,EF,KOSPI
0182R0,1Q K반도체TOP2+,EF,KOSPI
0182S0,1Q K반도체TOP2채권혼합50,EF,KOSPI
0183J0,TIGER 미국우주테크,EF,KOSPI
0183V0,KIWOOM 삼성전자&SK하이닉스채권혼합50,EF,KOSPI
0184E0,1Q 200채권혼합50액티브,EF,KOSPI
0184L0,PLUS 중기종합채권(A-이상)액티브,EF,KOSPI
0184N0,PLUS 은채권혼합,EF,KOSPI
0184V0,UNICORN K바이오액티브,EF,KOSPI
0185L0,TIME 글로벌휴머노이드로봇산업액티브,EF,KOSPI
0186L0,KoAct 미국로봇피지컬AI액티브,EF,KOSPI
0186S0,1Q 코스닥150채권혼합50액티브,EF,KOSPI
0189B0,TIGER 은액티브,EF,KOSPI
0189Z0,DAISHIN 금융&지주고배당,EF,KOSPI
0190C0,RISE 현대차고정피지컬AI,EF,KOSPI
0190G0,KODEX 반도체타겟위클리커버드콜,EF,KOSPI
0190M0,KIWOOM 미국AI테크하이베타,EF,KOSPI
0190Y0,TIGER 구글밸류체인,EF,KOSPI
0191B0,MIDAS 코스닥액티브,EF,KOSPI
0191M0,마이티 5월만기자동연장특수채(AAA)액티브,EF,KOSPI
0191S0,IBK 코스닥150,EF,KOSPI
0191W0,HANARO 중기종합채권(A-이상)액티브,EF,KOSPI
0192L0,RISE SK하이닉스단일종목레버리지,EF,KOSPI
0192M0,RISE 삼성전자단일종목레버리지,EF,KOSPI
0192S0,SOL 코스피200채권혼합50,EF,KOSPI
0192T0,SOL 코스닥TOP10,EF,KOSPI
0192Z0,TIGER 중기종합채권(A-이상)액티브,EF,KOSPI
0193G0,KoAct 코스피액티브,EF,KOSPI
0193K0,PLUS 삼성전자단일종목레버리지,EF,KOSPI
0193L0,PLUS 삼성전자선물단일종목인버스2X,EF,KOSPI
0193M0,BNK 27-12 특수채(AAA이상)액티브,EF,KOSPI
0193T0,KODEX SK하이닉스단일종목레버리지,EF,KOSPI
0193W0,KODEX 삼성전자단일종목레버리지,EF,KOSPI
0194M0,ACE 삼성전자단일종목레버리지,EF,KOSPI
0194N0,KIWOOM 삼성전자선물단일종목레버리지,EF,KOSPI
0194R0,KIWOOM SK하이닉스선물단일종목레버리지,EF,KOSPI
0194T0,ACE SK하이닉스단일종목레버리지,EF,KOSPI
0195R0,TIGER 삼성전자단일종목레버리지,EF,KOSPI
0195S0,TIGER SK하이닉스단일종목레버리지,EF,KOSPI
0197W0,SOL SK하이닉스단일종목레버리지,EF,KOSPI
0197X0,SOL SK하이닉스선물단일종목인버스2X,EF,KOSPI
0198A0,KIWOOM 코스닥150커버드콜액티브,EF,KOSPI
0198B0,1Q 삼성전자선물단일종목레버리지,EF,KOSPI
0198D0,1Q SK하이닉스선물단일종목레버리지,EF,KOSPI
0199C0,ACE 고배당주Plus커버드콜액티브,EF,KOSPI
0203D0,PLUS 200위클리커버드콜채권혼합,EF,KOSPI
0203R0,WON 중단기종합채권(A-이상)액티브,EF,KOSPI
0203S0,WON 삼성전자현대차채권혼합50,EF,KOSPI
0204D0,KODEX 현대차로보틱스밸류체인TOP3플러스,EF,KOSPI
0204S0,TIGER 코스닥액티브,EF,KOSPI
0206G0,1Q 현대차기아채권혼합50,EF,KOSPI
0207G0,SOL 우주항공밸류체인,EF,KOSPI
0207Z0,KIWOOM 미국우주데이터센터인프라,EF,KOSPI
0208N0,IBK 코스피액티브,EF,KOSPI
0209D0,KODEX 전고체배터리ESS TOP2플러스,EF,KOSPI
0209Z0,ACE 코리아AI전력TOP10,EF,KOSPI
0210A0,ACE K반도체TOP2+,EF,KOSPI
0210E0,PLUS 200커버드콜액티브,EF,KOSPI
0214M0,MIDAS 바이오헬스케어액티브,EF,KOSPI
0215T0,HANARO 미국AI광통신TOP10,EF,KOSPI
0216K0,KIWOOM 미국우주테크TOP2채권혼합50,EF,KOSPI
0216Z0,ACE K방산TOP5+,EF,KOSPI
0218J0,RISE 미국우주&로봇TOP2미국채혼합50,EF,KOSPI
0218K0,BNK 스마트카,EF,KOSPI
0219B0,KoAct 광통신&위성네트워크액티브,EF,KOSPI
0219E0,KODEX 200커버드콜액티브,EF,KOSPI
0219Z0,HANARO 미국S&P500액티브,EF,KOSPI
0220A0,KIWOOM 현대차그룹TOP3채권혼합50,EF,KOSPI
0220B0,DS 코스닥액티브,EF,KOSPI
0221V0,IBK 초단기채권액티브,EF,KOSPI
0221Z0,ACE K바이오코스닥액티브,EF,KOSPI
0222D0,KoAct 고배당액티브,EF,KOSPI
0222F0,마이티 AI데이터센터밸류체인,EF,KOSPI
0223A0,RISE 코스닥커버드콜액티브,EF,KOSPI
0223R0,TIGER 미국테크NYSE100액티브,EF,KOSPI
0224D0,KIWOOM 미국CPU반도체TOP4+,EF,KOSPI
0224X0,1Q 엔비디아알파벳미국채혼합50,EF,KOSPI
0225V0,KODEX 미국CPU반도체TOP10,EF,KOSPI
0226A0,PLUS SK하이닉스샌디스크채권혼합50,EF,KOSPI
0226D0,FOCUS 금융반도체지주채권혼합50액티브,EF,KOSPI
0226G0,WON 피지컬AI TOP2플러스액티브,EF,KOSPI
0227K0,RISE 미국우주위성통신,EF,KOSPI
0228G0,ACE 반도체Plus전략산업,EF,KOSPI
0231Z0,KODEX 코리아TDF2065액티브 적격,EF,KOSPI
0233A0,ACE 삼성전자SK하이닉스플러스채권혼합50,EF,KOSPI
0233J0,TIGER 삼성전자SK하이닉스미국채혼합50,EF,KOSPI
069500,KODEX 200,EF,KOSPI
069660,KIWOOM 200,EF,KOSPI
088260,이리츠코크렙,RT,KOSPI
088980,맥쿼리인프라,IF,KOSPI
091160,KODEX 반도체,EF,KOSPI
091170,KODEX 은행,EF,KOSPI
091180,KODEX 자동차,EF,KOSPI
091220,TIGER 은행,EF,KOSPI
091230,TIGER 반도체,EF,KOSPI
094800,맵스리얼티,MF,KOSPI
099140,KODEX 차이나H,EF,KOSPI
100910,KIWOOM KRX100,EF,KOSPI
101280,KODEX 일본TOPIX100,EF,KOSPI
102110,TIGER 200,EF,KOSPI
102780,KODEX 삼성그룹,EF,KOSPI
102960,KODEX 기계장비,EF,KOSPI
102970,KODEX 증권,EF,KOSPI
104520,KIWOOM 블루칩,EF,KOSPI
104530,KIWOOM 코리아고배당,EF,KOSPI
105010,TIGER 라틴35,EF,KOSPI
105190,ACE 200,EF,KOSPI
105780,RISE 5대그룹주,EF,KOSPI
108450,ACE 삼성그룹섹터가중,EF,KOSPI
108590,TREX 200,EF,KOSPI
114100,RISE 국고채3년,EF,KOSPI
114260,KODEX 국고채3년,EF,KOSPI
114460,ACE 국고채3년,EF,KOSPI
114470,KIWOOM 국고채3년,EF,KOSPI
114800,KODEX 인버스,EF,KOSPI
114820,TIGER 국채3년,EF,KOSPI
117460,KODEX 에너지화학,EF,KOSPI
117680,KODEX 철강,EF,KOSPI
117690,TIGER 차이나항셍30,EF,KOSPI
117700,KODEX 건설,EF,KOSPI
122090,PLUS 코스피50,EF,KOSPI
122260,KIWOOM 통안채1년,EF,KOSPI
122630,KODEX 레버리지,EF,KOSPI
123310,TIGER 인버스,EF,KOSPI
123320,TIGER 레버리지,EF,KOSPI
130680,TIGER 원유선물Enhanced(H),EF,KOSPI
130730,KIWOOM 단기자금,EF,KOSPI
131890,ACE 삼성그룹동일가중,EF,KOSPI
132030,KODEX 골드선물(H),EF,KOSPI
133690,TIGER 미국나스닥100,EF,KOSPI
136340,RISE 중기우량회사채,EF,KOSPI
137610,TIGER 농산물선물Enhanced(H),EF,KOSPI
138230,KIWOOM 미국달러선물,EF,KOSPI
138520,TIGER 삼성그룹,EF,KOSPI
138530,TIGER LG그룹플러스,EF,KOSPI
138540,TIGER 현대차그룹플러스,EF,KOSPI
138910,KODEX 구리선물(H),EF,KOSPI
138920,KODEX 콩선물(H),EF,KOSPI
139220,TIGER 200 건설,EF,KOSPI
139230,TIGER 200 중공업,EF,KOSPI
139240,TIGER 200 철강소재,EF,KOSPI
139250,TIGER 200 에너지화학,EF,KOSPI
139260,TIGER 200 IT,EF,KOSPI
139270,TIGER 200 금융,EF,KOSPI
139280,TIGER 경기방어,EF,KOSPI
139290,TIGER 200 경기소비재,EF,KOSPI
139320,TIGER 금은선물(H),EF,KOSPI
139660,KIWOOM 미국달러선물인버스,EF,KOSPI
140570,RISE 수출주,EF,KOSPI
140580,RISE 우량업종대표주,EF,KOSPI
140700,KODEX 보험,EF,KOSPI
140710,KODEX 운송,EF,KOSPI
140950,파워 코스피100,EF,KOSPI
143850,TIGER 미국S&P500선물(H),EF,KOSPI
143860,TIGER 헬스케어,EF,KOSPI
144600,KODEX 은선물(H),EF,KOSPI
145270,케이탑리츠,RT,KOSPI
145670,ACE 인버스,EF,KOSPI
145850,TREX 펀더멘탈 200,EF,KOSPI
147970,TIGER 모멘텀,EF,KOSPI
148020,RISE 200,EF,KOSPI
148070,KIWOOM 국고채10년,EF,KOSPI
150460,TIGER 중국소비테마,EF,KOSPI
152100,PLUS 200,EF,KOSPI
152380,KODEX 국채선물10년,EF,KOSPI
152500,ACE 레버리지,EF,KOSPI
152870,파워 200,EF,KOSPI
153130,KODEX 단기채권,EF,KOSPI
153270,KIWOOM 코스피100,EF,KOSPI
156080,KODEX MSCI Korea,EF,KOSPI
157450,TIGER 단기통안채,EF,KOSPI
157490,TIGER 소프트웨어,EF,KOSPI
157500,TIGER 증권,EF,KOSPI
159800,마이티 코스피100,EF,KOSPI
160580,TIGER 구리실물,EF,KOSPI
161510,PLUS 고배당주,EF,KOSPI
166400,TIGER 200커버드콜OTM,EF,KOSPI
167860,KIWOOM 국고채10년레버리지,EF,KOSPI
168580,ACE 중국본토CSI300,EF,KOSPI
169950,KODEX 차이나A50,EF,KOSPI
174350,TIGER 로우볼,EF,KOSPI
174360,RISE 중국본토대형주CSI100,EF,KOSPI
176950,KODEX 국채선물10년인버스,EF,KOSPI
181480,ACE 미국부동산리츠(합성 H),EF,KOSPI
182480,TIGER 미국MSCI리츠(합성 H),EF,KOSPI
182490,TIGER 단기선진하이일드(합성 H),EF,KOSPI
183700,RISE 200채권혼합50,EF,KOSPI
183710,RISE 주식혼합,EF,KOSPI
185680,KODEX 미국S&P바이오(합성),EF,KOSPI
189400,PLUS 글로벌MSCI(합성 H),EF,KOSPI
190620,ACE 단기통안채,EF,KOSPI
192090,TIGER 차이나CSI300,EF,KOSPI
192720,파워 고배당저변동성,EF,KOSPI
195920,TIGER 일본TOPIX(합성 H),EF,KOSPI
195930,TIGER 유로스탁스50(합성 H),EF,KOSPI
195970,PLUS 선진국MSCI(합성 H),EF,KOSPI
195980,PLUS 신흥국MSCI(합성 H),EF,KOSPI
196030,ACE 일본TOPIX레버리지(H),EF,KOSPI
196230,RISE 단기통안채,EF,KOSPI
200030,KODEX 미국S&P500산업재(합성),EF,KOSPI
200250,KIWOOM 인도Nifty50(합성),EF,KOSPI
203780,TIGER 미국나스닥바이오,EF,KOSPI
204450,KODEX 차이나H레버리지(H),EF,KOSPI
204480,TIGER 차이나CSI300레버리지(합성),EF,KOSPI
205720,ACE 일본TOPIX인버스(합성 H),EF,KOSPI
210780,TIGER 코스피고배당,EF,KOSPI
211560,TIGER 배당성장,EF,KOSPI
211900,KODEX 코리아배당성장,EF,KOSPI
213610,KODEX 삼성그룹밸류,EF,KOSPI
213630,PLUS 미국다우존스고배당주(합성 H),EF,KOSPI
214980,KODEX 단기채권PLUS,EF,KOSPI
215620,HK S&P코리아로우볼,EF,KOSPI
217770,TIGER 원유선물인버스(H),EF,KOSPI
217780,TIGER 차이나CSI300인버스(합성),EF,KOSPI
218420,KODEX 미국S&P500에너지(합성),EF,KOSPI
219390,RISE 미국S&P원유생산기업(합성 H),EF,KOSPI
219480,KODEX 미국S&P500선물(H),EF,KOSPI
219900,ACE 중국본토CSI300레버리지(합성),EF,KOSPI
220130,SOL 차이나강소기업CSI500(합성 H),EF,KOSPI
223190,KODEX 200가치저변동,EF,KOSPI
225030,TIGER 미국S&P500선물인버스(H),EF,KOSPI
225040,TIGER 미국S&P500레버리지(합성 H),EF,KOSPI
225050,TIGER 유로스탁스레버리지(합성 H),EF,KOSPI
225060,TIGER 이머징마켓MSCI레버리지(합성 H),EF,KOSPI
225130,ACE 골드선물 레버리지(합성 H),EF,KOSPI
225800,KIWOOM 미국달러선물레버리지,EF,KOSPI
226380,ACE Fn성장소비주도주,EF,KOSPI
226490,KODEX 코스피,EF,KOSPI
226980,KODEX 200 중소형,EF,KOSPI
227540,TIGER 200 헬스케어,EF,KOSPI
227550,TIGER 200 산업재,EF,KOSPI
227560,TIGER 200 생활소비재,EF,KOSPI
227570,TIGER 우량가치,EF,KOSPI
227830,PLUS 코스피,EF,KOSPI
228790,TIGER 화장품,EF,KOSPI
228800,TIGER 여행레저,EF,KOSPI
228810,TIGER 미디어컨텐츠,EF,KOSPI
228820,TIGER KTOP30,EF,KOSPI
229200,KODEX 코스닥150,EF,KOSPI
229720,KODEX KTOP30,EF,KOSPI
230480,KIWOOM 미국달러선물인버스2X,EF,KOSPI
232080,TIGER 코스닥150,EF,KOSPI
233160,TIGER 코스닥150 레버리지,EF,KOSPI
233740,KODEX 코스닥150레버리지,EF,KOSPI
234310,RISE V&S셀렉트밸류,EF,KOSPI
236350,TIGER 인도니프티50레버리지(합성),EF,KOSPI
237350,KODEX 코스피100,EF,KOSPI
237370,KODEX 코리아배당성장채권혼합,EF,KOSPI
237440,TIGER 경기방어채권혼합,EF,KOSPI
238670,PLUS 스마트베타Quality채권혼합,EF,KOSPI
238720,ACE 일본Nikkei225(H),EF,KOSPI
239660,PLUS 우량회사채50,EF,KOSPI
241180,TIGER 일본니케이225,EF,KOSPI
241390,RISE V&S셀렉트밸류채권혼합,EF,KOSPI
243880,TIGER 200IT레버리지,EF,KOSPI
243890,TIGER 200에너지화학레버리지,EF,KOSPI
244580,KODEX 바이오,EF,KOSPI
244620,KODEX 모멘텀Plus,EF,KOSPI
244660,KODEX 퀄리티Plus,EF,KOSPI
244670,KODEX 밸류Plus,EF,KOSPI
245340,TIGER 미국다우존스30,EF,KOSPI
245350,TIGER 유로스탁스배당30,EF,KOSPI
245360,TIGER 차이나HSCEI,EF,KOSPI
245710,ACE 베트남VN30(합성),EF,KOSPI
248270,TIGER S&P글로벌헬스케어(합성),EF,KOSPI
250730,RISE 차이나HSCEI(H),EF,KOSPI
250780,TIGER 코스닥150선물인버스,EF,KOSPI
251340,KODEX 코스닥150선물인버스,EF,KOSPI
251350,KODEX MSCI선진국,EF,KOSPI
251590,PLUS 고배당저변동50,EF,KOSPI
251600,PLUS 고배당주채권혼합,EF,KOSPI
252000,TIGER 200동일가중,EF,KOSPI
252400,RISE 200선물레버리지,EF,KOSPI
252410,RISE 200선물인버스,EF,KOSPI
252420,RISE 200선물인버스2X,EF,KOSPI
252650,KODEX 200동일가중,EF,KOSPI
252670,KODEX 200선물인버스2X,EF,KOSPI
252710,TIGER 200선물인버스2X,EF,KOSPI
253150,PLUS 200선물레버리지,EF,KOSPI
253160,PLUS 200선물인버스2X,EF,KOSPI
253230,KIWOOM 200선물인버스2X,EF,KOSPI
253240,KIWOOM 200선물인버스,EF,KOSPI
253250,KIWOOM 200선물레버리지,EF,KOSPI
253280,RISE 헬스케어,EF,KOSPI
253290,RISE 헬스케어채권혼합,EF,KOSPI
256440,ACE MSCI인도네시아(합성),EF,KOSPI
256450,PLUS 심천차이넥스트(합성),EF,KOSPI
256750,KODEX 차이나심천ChiNext(합성),EF,KOSPI
261060,TIGER 코스닥150IT,EF,KOSPI
261070,TIGER 코스닥150바이오테크,EF,KOSPI
261110,TIGER 미국달러선물레버리지,EF,KOSPI
261120,TIGER 미국달러선물인버스2X,EF,KOSPI
261140,TIGER 우선주,EF,KOSPI
261220,KODEX WTI원유선물(H),EF,KOSPI
261240,KODEX 미국달러선물,EF,KOSPI
261250,KODEX 미국달러선물레버리지,EF,KOSPI
261260,KODEX 미국달러선물인버스2X,EF,KOSPI
261270,KODEX 미국달러선물인버스,EF,KOSPI
261920,ACE MSCI필리핀(합성),EF,KOSPI
265690,ACE 러시아MSCI(합성),EF,KOSPI
266160,RISE 고배당,EF,KOSPI
266360,KODEX K콘텐츠,EF,KOSPI
266370,KODEX IT,EF,KOSPI
266390,KODEX 경기소비재,EF,KOSPI
266410,KODEX 필수소비재,EF,KOSPI
266420,KODEX 헬스케어,EF,KOSPI
266550,PLUS 중형주저변동50,EF,KOSPI
267440,RISE 미국장기국채선물(H),EF,KOSPI
267450,RISE 미국장기국채선물인버스(H),EF,KOSPI
267490,RISE 미국장기국채선물레버리지(합성 H),EF,KOSPI
267770,TIGER 200선물레버리지,EF,KOSPI
269370,TIGER S&P글로벌인프라(합성),EF,KOSPI
269420,KODEX S&P글로벌인프라(합성),EF,KOSPI
269530,PLUS S&P글로벌인프라,EF,KOSPI
269540,PLUS 미국S&P500(H),EF,KOSPI
270800,RISE KQ고배당,EF,KOSPI
270810,RISE 코스닥150,EF,KOSPI
271050,KODEX WTI원유선물인버스(H),EF,KOSPI
271060,KODEX 3대농산물선물(H),EF,KOSPI
272560,RISE 단기국공채액티브,EF,KOSPI
272570,RISE 중장기국공채액티브,EF,KOSPI
272580,TIGER 단기채권액티브,EF,KOSPI
272910,ACE 중장기국공채액티브,EF,KOSPI
273130,KODEX 종합채권(AA-이상)액티브,EF,KOSPI
273140,KODEX 단기변동금리부채권액티브,EF,KOSPI
275280,KODEX 모멘텀주,EF,KOSPI
275290,KODEX 가치주,EF,KOSPI
275300,KODEX 우량주,EF,KOSPI
275750,RISE 코스닥150선물인버스,EF,KOSPI
275980,TIGER 글로벌4차산업혁신기술(합성 H),EF,KOSPI
276000,TIGER 글로벌자원생산기업(합성 H),EF,KOSPI
276650,RISE 글로벌테크놀로지(합성 H),EF,KOSPI
276970,KODEX 미국S&P500배당귀족커버드콜(합성 H),EF,KOSPI
276990,KODEX 글로벌로봇(합성),EF,KOSPI
277540,ACE 아시아TOP50,EF,KOSPI
277630,TIGER 코스피,EF,KOSPI
277640,TIGER 코스피대형주,EF,KOSPI
277650,TIGER 코스피중형주,EF,KOSPI
278240,RISE 코스닥150선물레버리지,EF,KOSPI
278530,KODEX 200TR,EF,KOSPI
278540,KODEX MSCI Korea TR,EF,KOSPI
278620,PLUS 단기채권액티브,EF,KOSPI
279530,KODEX 고배당주,EF,KOSPI
279540,KODEX 최소변동성,EF,KOSPI
280320,ACE 미국IT인터넷(합성 H),EF,KOSPI
280920,PLUS 주도업종,EF,KOSPI
280930,KODEX 미국러셀2000(H),EF,KOSPI
280940,KODEX 골드선물인버스(H),EF,KOSPI
281990,RISE 중소형고배당,EF,KOSPI
282000,RISE 국고채3년선물인버스,EF,KOSPI
283580,KODEX 차이나CSI300,EF,KOSPI
284430,KODEX 200미국채혼합50,EF,KOSPI
284980,RISE 200금융,EF,KOSPI
285690,FOCUS ESG리더스,EF,KOSPI
287180,PLUS 미국나스닥테크,EF,KOSPI
289040,KODEX MSCI KOREA ESG유니버설,EF,KOSPI
289250,TIGER MSCI KOREA ESG유니버설,EF,KOSPI
289260,TIGER MSCI KOREA ESG리더스,EF,KOSPI
289480,TIGER 200커버드콜,EF,KOSPI
289670,PLUS 국채선물10년,EF,KOSPI
290080,RISE 200고배당커버드콜ATM,EF,KOSPI
290130,RISE ESG사회책임투자,EF,KOSPI
291130,ACE MSCI멕시코(합성),EF,KOSPI
291620,KIWOOM 코스닥150선물인버스,EF,KOSPI
291630,KIWOOM 코스닥150선물레버리지,EF,KOSPI
291680,RISE 차이나H선물인버스(H),EF,KOSPI
291890,KODEX MSCI EM선물(H),EF,KOSPI
292050,RISE KRX300,EF,KOSPI
292150,TIGER 코리아TOP10,EF,KOSPI
292160,TIGER KRX300,EF,KOSPI
292190,KODEX KRX300,EF,KOSPI
292500,SOL KRX300,EF,KOSPI
292560,TIGER 일본엔선물,EF,KOSPI
292770,KODEX 국채선물3년인버스,EF,KOSPI
293180,HANARO 200,EF,KOSPI
293940,신한알파리츠,RT,KOSPI
294400,KIWOOM 200TR,EF,KOSPI
295000,RISE 국채선물10년,EF,KOSPI
295020,RISE 국채선물10년인버스,EF,KOSPI
295040,SOL 200TR,EF,KOSPI
298340,PLUS 국채선물3년,EF,KOSPI
298770,KODEX 한국대만IT프리미어,EF,KOSPI
300610,TIGER K게임,EF,KOSPI
300640,RISE 게임테마,EF,KOSPI
300950,KODEX 게임산업,EF,KOSPI
301400,PLUS 코스닥150,EF,KOSPI
302190,TIGER 중장기국채,EF,KOSPI
302450,RISE 코스피,EF,KOSPI
304660,KODEX 미국30년국채울트라선물(H),EF,KOSPI
304670,KODEX 미국30년국채울트라선물인버스(H),EF,KOSPI
304760,HANARO KRX300,EF,KOSPI
304770,HANARO 코스닥150,EF,KOSPI
304780,HANARO 200선물레버리지,EF,KOSPI
304940,KODEX 미국나스닥100선물(H),EF,KOSPI
305050,ACE 코스피,EF,KOSPI
305080,TIGER 미국채10년선물,EF,KOSPI
305540,TIGER 2차전지테마,EF,KOSPI
305720,KODEX 2차전지산업,EF,KOSPI
306520,HANARO 200선물인버스,EF,KOSPI
306530,HANARO 코스닥150선물레버리지,EF,KOSPI
306950,KODEX KRX300레버리지,EF,KOSPI
307510,TIGER 의료기기,EF,KOSPI
307520,TIGER 지주회사,EF,KOSPI
308620,KODEX 미국10년국채선물,EF,KOSPI
309230,ACE 미국WideMoat동일가중,EF,KOSPI
310080,RISE 중국MSCI China(H),EF,KOSPI
310960,TIGER 200TR,EF,KOSPI
310970,TIGER MSCI Korea TR,EF,KOSPI
314250,KODEX 미국빅테크10(H),EF,KOSPI
314700,HANARO 농업융복합산업,EF,KOSPI
315270,TIGER 200커뮤니케이션서비스,EF,KOSPI
315930,KODEX Top5PlusTR,EF,KOSPI
315960,RISE 대형고배당10TR,EF,KOSPI
316300,ACE 싱가포르리츠,EF,KOSPI
316670,KIWOOM 코스닥150,EF,KOSPI
319640,TIGER 골드선물(H),EF,KOSPI
321410,KODEX 멀티에셋하이인컴(H),EF,KOSPI
322400,HANARO e커머스,EF,KOSPI
322410,HANARO K고배당,EF,KOSPI
325010,KODEX 성장주,EF,KOSPI
325020,KODEX 배당가치,EF,KOSPI
326230,RISE 내수주플러스,EF,KOSPI
326240,RISE IT플러스,EF,KOSPI
328370,PLUS 코스피TR,EF,KOSPI
329200,TIGER 리츠부동산인프라,EF,KOSPI
329650,KODEX TRF3070,EF,KOSPI
329660,KODEX TRF5050,EF,KOSPI
329670,KODEX TRF7030,EF,KOSPI
329750,TIGER 미국달러단기채권액티브,EF,KOSPI
330590,롯데리츠,RT,KOSPI
332500,ACE 200TR,EF,KOSPI
332610,PLUS 미국단기회사채(AAA~A),EF,KOSPI
332620,PLUS 미국장기우량회사채,EF,KOSPI
332930,HANARO 200TR,EF,KOSPI
332940,HANARO MSCI Korea TR,EF,KOSPI
334690,RISE 팔라듐선물(H),EF,KOSPI
334700,RISE 팔라듐선물인버스(H),EF,KOSPI
334890,이지스밸류플러스리츠,RT,KOSPI
336160,RISE 금융채액티브,EF,KOSPI
337120,KODEX 멀티팩터,EF,KOSPI
337140,KODEX 코스피대형주,EF,KOSPI
337150,KODEX 200exTOP,EF,KOSPI
337160,KODEX 200ESG,EF,KOSPI
338100,NH프라임리츠,RT,KOSPI
341850,TIGER 리츠부동산인프라채권,EF,KOSPI
348950,제이알글로벌리츠,RT,KOSPI
350520,이지스레지던스리츠,RT,KOSPI
352540,KODEX 일본부동산리츠(H),EF,KOSPI
352560,KODEX 미국부동산리츠(H),EF,KOSPI
354240,RISE 미국고정배당우선증권,EF,KOSPI
354350,HANARO 글로벌럭셔리S&P(합성),EF,KOSPI
354500,ACE 코스닥150,EF,KOSPI
356540,ACE 종합채권(AA-이상)액티브,EF,KOSPI
357120,코람코라이프인프라리츠,RT,KOSPI
357250,미래에셋맵스리츠,RT,KOSPI
357430,마스턴프리미어리츠,RT,KOSPI
357870,TIGER CD금리투자KIS(합성),EF,KOSPI
359210,KODEX 코스피TR,EF,KOSPI
360140,KODEX 200롱코스닥150숏선물,EF,KOSPI
360150,KODEX 코스닥150롱코스피200숏선물,EF,KOSPI
360200,ACE 미국S&P500,EF,KOSPI
360750,TIGER 미국S&P500,EF,KOSPI
361580,RISE 200TR,EF,KOSPI
363510,SOL KIS단기통안채,EF,KOSPI
363570,KODEX 장기종합채권(AA-이상)액티브,EF,KOSPI
363580,KODEX 200IT TR,EF,KOSPI
364690,KODEX 혁신기술테마액티브,EF,KOSPI
364960,TIGER BBIG,EF,KOSPI
364970,TIGER 바이오TOP10,EF,KOSPI
364980,TIGER 2차전지TOP10,EF,KOSPI
364990,TIGER 게임TOP10,EF,KOSPI
365000,TIGER 인터넷TOP10,EF,KOSPI
365040,TIGER AI코리아그로스액티브,EF,KOSPI
365550,ESR켄달스퀘어리츠,RT,KOSPI
365780,ACE 국고채10년,EF,KOSPI
367380,ACE 미국나스닥100,EF,KOSPI
367740,HANARO Fn5G산업,EF,KOSPI
367760,RISE 네트워크인프라,EF,KOSPI
367770,RISE 수소경제테마,EF,KOSPI
368190,HANARO Fn K-뉴딜디지털플러스,EF,KOSPI
368590,RISE 미국나스닥100,EF,KOSPI
368680,KODEX K-뉴딜디지털플러스,EF,KOSPI
371150,RISE 차이나항셍테크,EF,KOSPI
371160,TIGER 차이나항셍테크,EF,KOSPI
371450,TIGER 글로벌클라우드컴퓨팅INDXX,EF,KOSPI
371460,TIGER 차이나전기차SOLACTIVE,EF,KOSPI
371470,TIGER 차이나바이오테크SOLACTIVE,EF,KOSPI
371870,ACE 차이나항셍테크,EF,KOSPI
372330,KODEX 차이나항셍테크,EF,KOSPI
373490,KODEX 코리아혁신성장액티브,EF,KOSPI
373790,KIWOOM 미국방어배당성장나스닥,EF,KOSPI
375270,RISE 글로벌데이터센터리츠(합성),EF,KOSPI
375760,HANARO 탄소효율그린뉴딜,EF,KOSPI
375770,KODEX 탄소효율그린뉴딜,EF,KOSPI
376410,TIGER 탄소효율그린뉴딜,EF,KOSPI
377190,디앤디플랫폼리츠,RT,KOSPI
377990,TIGER Fn신재생에너지,EF,KOSPI
379780,RISE 미국S&P500,EF,KOSPI
379790,RISE 유로스탁스50(H),EF,KOSPI
379800,KODEX 미국S&P500,EF,KOSPI
379810,KODEX 미국나스닥100,EF,KOSPI
380340,ACE 코리아AI테크핵심산업,EF,KOSPI
381170,TIGER 미국테크TOP10 INDXX,EF,KOSPI
381180,TIGER 미국필라델피아반도체나스닥,EF,KOSPI
381560,HANARO Fn전기&수소차,EF,KOSPI
381570,HANARO Fn친환경에너지,EF,KOSPI
385510,KODEX 신재생에너지액티브,EF,KOSPI
385520,KODEX 자율주행액티브,EF,KOSPI
385540,RISE 종합채권(A-이상)액티브,EF,KOSPI
385550,RISE 단기채권알파액티브,EF,KOSPI
385560,RISE KIS국고채30년Enhanced,EF,KOSPI
385590,ACE ESG액티브,EF,KOSPI
385600,ACE 2차전지&친환경차액티브,EF,KOSPI
385710,TIME K이노베이션액티브,EF,KOSPI
385720,TIME 코스피액티브,EF,KOSPI
387270,TIGER 글로벌이노베이션액티브,EF,KOSPI
387280,TIGER 퓨처모빌리티액티브,EF,KOSPI
388280,RISE K엔터&여행레저,EF,KOSPI
388420,RISE 비메모리반도체액티브,EF,KOSPI
390390,KODEX 미국반도체,EF,KOSPI
390400,KODEX 미국스마트모빌리티S&P,EF,KOSPI
391600,ACE 미국친환경그린테마,EF,KOSPI
391670,HK 베스트일레븐액티브,EF,KOSPI
394660,TIGER 글로벌자율주행&전기차SOLACTIVE,EF,KOSPI
394670,TIGER 글로벌리튬&2차전지SOLACTIVE(합성),EF,KOSPI
395150,KODEX 웹툰&드라마,EF,KOSPI
395160,KODEX AI반도체TOP2플러스,EF,KOSPI
395170,KODEX Top10동일가중,EF,KOSPI
395270,HANARO Fn K-반도체,EF,KOSPI
395280,HANARO Fn K-게임,EF,KOSPI
395290,HANARO Fn K-POP&미디어,EF,KOSPI
395400,SK리츠,RT,KOSPI
395750,PLUS ESG가치주액티브,EF,KOSPI
395760,PLUS ESG성장주액티브,EF,KOSPI
396500,TIGER 반도체TOP10,EF,KOSPI
396510,TIGER 차이나클린에너지SOLACTIVE,EF,KOSPI
396520,TIGER 차이나반도체FACTSET,EF,KOSPI
396690,미래에셋글로벌리츠,RT,KOSPI
399110,SOL 미국S&P500ESG,EF,KOSPI
399580,RISE 글로벌클린에너지,EF,KOSPI
400570,KODEX 유럽탄소배출권선물ICE(H),EF,KOSPI
400580,SOL 유럽탄소배출권선물S&P(H),EF,KOSPI
400590,SOL 글로벌탄소배출권선물ICE(합성),EF,KOSPI
400760,NH올원리츠,RT,KOSPI
400970,TIGER Fn메타버스,EF,KOSPI
401170,RISE 메타버스,EF,KOSPI
401470,KODEX 메타버스액티브,EF,KOSPI
401590,HANARO 글로벌탄소배출권선물ICE(합성),EF,KOSPI
402460,HANARO Fn K-메타버스MZ,EF,KOSPI
402970,ACE 미국배당다우존스,EF,KOSPI
403790,MIDAS 코스피액티브,EF,KOSPI
404120,TIME K신재생에너지액티브,EF,KOSPI
404260,KODEX 기후변화솔루션,EF,KOSPI
404540,TIGER KRX기후변화솔루션,EF,KOSPI
404650,SOL KRX기후변화솔루션,EF,KOSPI
404990,신한서부티엔디리츠,RT,KOSPI
407300,HANARO Fn골프테마,EF,KOSPI
407310,HANARO 200 TOP10,EF,KOSPI
407820,에셋플러스 코리아플랫폼액티브,EF,KOSPI
407830,에셋플러스 글로벌플랫폼액티브,EF,KOSPI
409810,KODEX 미국나스닥100선물인버스(H),EF,KOSPI
409820,KODEX 미국나스닥100레버리지(합성 H),EF,KOSPI
410870,TIME K컬처액티브,EF,KOSPI
411060,ACE KRX금현물,EF,KOSPI
411420,KODEX 미국나스닥AI테크액티브,EF,KOSPI
411540,SOL 200 Top10,EF,KOSPI
411860,KIWOOM 독일DAX,EF,KOSPI
412560,TIGER BBIG레버리지,EF,KOSPI
412570,TIGER 2차전지TOP10레버리지,EF,KOSPI
412770,TIGER 글로벌AI플랫폼액티브,EF,KOSPI
413220,SOL 차이나태양광CSI(합성),EF,KOSPI
413930,WON AI ESG액티브,EF,KOSPI
414270,ACE 글로벌자율주행액티브,EF,KOSPI
414780,TIGER 차이나과창판STAR50(합성),EF,KOSPI
415340,KODEX 차이나과창판STAR50(합성),EF,KOSPI
415640,KB발해인프라,IF,KOSPI
415760,SOL 차이나육성산업액티브(합성),EF,KOSPI
415920,PLUS 글로벌희토류&전략자원생산기업,EF,KOSPI
416090,ACE 중국과창판STAR50,EF,KOSPI
417310,코람코더원리츠,RT,KOSPI
417450,RISE 글로벌수소경제,EF,KOSPI
417630,TIGER KEDI혁신기업ESG30,EF,KOSPI
418660,TIGER 미국나스닥100레버리지(합성),EF,KOSPI
418670,TIGER 글로벌AI사이버보안,EF,KOSPI
419420,KODEX 미국클린에너지나스닥,EF,KOSPI
419430,KODEX 차이나2차전지MSCI(합성),EF,KOSPI
419650,PLUS 글로벌수소&차세대연료전지,EF,KOSPI
419890,KIWOOM 단기채권ESG액티브,EF,KOSPI
421320,PLUS 우주항공,EF,KOSPI
422420,RISE 2차전지액티브,EF,KOSPI
423160,KODEX KOFR금리액티브(합성),EF,KOSPI
423170,SOL 글로벌AI반도체탑픽액티브,EF,KOSPI
423920,TIGER 미국필라델피아반도체레버리지(합성),EF,KOSPI
426020,TIME 미국S&P500액티브,EF,KOSPI
426030,TIME 미국나스닥100액티브,EF,KOSPI
426150,WON 대한민국국고채액티브,EF,KOSPI
427120,RISE AI플랫폼,EF,KOSPI
428510,KODEX 차이나AI테크액티브,EF,KOSPI
428560,KODEX 미국ETF산업Top10 Indxx,EF,KOSPI
429000,TIGER 미국S&P500배당귀족,EF,KOSPI
429010,TIGER 미국나스닥넥스트100,EF,KOSPI
429740,PLUS K리츠,EF,KOSPI
429760,PLUS 미국S&P500,EF,KOSPI
429980,SOL 한국형글로벌전기차&2차전지액티브,EF,KOSPI
430500,KIWOOM 물가채KIS,EF,KOSPI
432320,KB스타리츠,RT,KOSPI
432600,RISE 국채선물3년,EF,KOSPI
432840,HANARO 미국S&P500,EF,KOSPI
433220,에셋플러스 글로벌대장장이액티브,EF,KOSPI
433250,UNICORN R&D 액티브,EF,KOSPI
433330,SOL 미국S&P500,EF,KOSPI
433500,ACE 원자력TOP10,EF,KOSPI
433880,PLUS TDF2060액티브 적격,EF,KOSPI
433970,KODEX TDF2030액티브 적격,EF,KOSPI
433980,KODEX TDF2040액티브 적격,EF,KOSPI
434060,KODEX TDF2050액티브 적격,EF,KOSPI
434730,HANARO 원자력iSelect,EF,KOSPI
434960,DAISHIN K200,EF,KOSPI
435040,ACE 글로벌브랜드TOP10,EF,KOSPI
435420,TIGER 미국나스닥100채권혼합50,EF,KOSPI
435530,KIWOOM TDF2030액티브 적격,EF,KOSPI
435540,KIWOOM TDF2040액티브 적격,EF,KOSPI
435550,KIWOOM TDF2050액티브 적격,EF,KOSPI
436140,SOL 종합채권(AA-이상)액티브,EF,KOSPI
437070,KODEX 아시아달러채권ESG플러스액티브,EF,KOSPI
437080,KODEX 미국종합채권ESG액티브(H),EF,KOSPI
437350,RISE 미국단기투자등급회사채액티브,EF,KOSPI
437370,RISE 글로벌농업경제,EF,KOSPI
438080,ACE 미국S&P500미국채혼합50액티브,EF,KOSPI
438100,ACE 미국나스닥100미국채혼합50액티브,EF,KOSPI
438320,TIGER 차이나항셍테크레버리지(합성 H),EF,KOSPI
438330,TIGER 우량회사채액티브,EF,KOSPI
438560,SOL 국고채3년,EF,KOSPI
438570,SOL 국고채10년,EF,KOSPI
438740,MIDAS 중소형액티브,EF,KOSPI
438900,HANARO Fn K-푸드,EF,KOSPI
439860,KODEX ESG종합채권(A-이상)액티브,EF,KOSPI
439870,KODEX 국고채30년액티브,EF,KOSPI
440340,TIGER 글로벌멀티에셋TIF액티브,EF,KOSPI
440640,ACE 단기채권알파액티브,EF,KOSPI
440650,ACE 미국달러단기채권액티브,EF,KOSPI
440910,WON 미국우주항공방산,EF,KOSPI
441540,HANARO Fn조선해운,EF,KOSPI
441640,KODEX 미국배당커버드콜액티브,EF,KOSPI
441680,TIGER 미국나스닥100커버드콜(합성),EF,KOSPI
441800,TIME Korea플러스배당액티브,EF,KOSPI
442090,에셋플러스 코리아대장장이액티브,EF,KOSPI
442260,마이티 다이나믹퀀트액티브,EF,KOSPI
442320,RISE 글로벌원자력,EF,KOSPI
442550,RISE TDF2030액티브 적격,EF,KOSPI
442560,RISE TDF2040액티브 적격,EF,KOSPI
442570,RISE TDF2050액티브 적격,EF,KOSPI
442580,PLUS 글로벌HBM반도체,EF,KOSPI
444200,SOL 코리아메가테크액티브,EF,KOSPI
444490,WON 미국S&P500,EF,KOSPI
445150,KODEX 친환경조선해운액티브,EF,KOSPI
445290,KODEX 로봇액티브,EF,KOSPI
445690,BNK 주주가치액티브,EF,KOSPI
445910,TIGER MKF배당귀족,EF,KOSPI
446690,KODEX 아시아AI반도체exChina액티브,EF,KOSPI
446700,RISE 배터리 리사이클링,EF,KOSPI
446720,SOL 미국배당다우존스,EF,KOSPI
446770,ACE 글로벌반도체TOP4 Plus,EF,KOSPI
447430,ACE 주주환원가치주액티브,EF,KOSPI
447620,SOL 미국TOP5채권혼합50,EF,KOSPI
447660,PLUS 애플채권혼합,EF,KOSPI
447770,TIGER 테슬라채권혼합Fn,EF,KOSPI
448100,WON 200,EF,KOSPI
448290,TIGER 미국S&P500(H),EF,KOSPI
448300,TIGER 미국나스닥100(H),EF,KOSPI
448330,KODEX 삼성전자채권혼합,EF,KOSPI
448490,HANARO 32-10 국고채액티브,EF,KOSPI
448540,ACE 엔비디아채권혼합,EF,KOSPI
448570,FOCUS AI코리아액티브,EF,KOSPI
448630,RISE 삼성그룹Top3채권혼합,EF,KOSPI
448730,삼성FN리츠,RT,KOSPI
449170,TIGER KOFR금리액티브(합성),EF,KOSPI
449180,KODEX 미국S&P500(H),EF,KOSPI
449190,KODEX 미국나스닥100(H),EF,KOSPI
449450,PLUS K방산,EF,KOSPI
449580,RISE 테슬라애플아마존채권혼합,EF,KOSPI
449680,TIGER 한중전기차(합성),EF,KOSPI
449690,TIGER 한중반도체(합성),EF,KOSPI
449770,KIWOOM 미국S&P500,EF,KOSPI
449780,KIWOOM 미국S&P500(H),EF,KOSPI
450180,KODEX 한중전기차(합성),EF,KOSPI
450190,KODEX 한중반도체(합성),EF,KOSPI
450910,SOL 코스닥150,EF,KOSPI
451000,PLUS 종합채권(AA-이상)액티브,EF,KOSPI
451060,1Q 200액티브,EF,KOSPI
451150,에셋플러스 글로벌영에이지액티브,EF,KOSPI
451530,TIGER 국고채30년스트립액티브,EF,KOSPI
451540,TIGER 종합채권(AA-이상)액티브,EF,KOSPI
451600,PLUS 국고채30년액티브,EF,KOSPI
451670,RISE 국채30년레버리지(합성),EF,KOSPI
451800,한화리츠,RT,KOSPI
452250,ACE 미국30년국채선물레버리지(합성 H),EF,KOSPI
452360,SOL 미국배당다우존스(H),EF,KOSPI
453010,PLUS KOFR금리,EF,KOSPI
453060,HANARO KOFR금리액티브(합성),EF,KOSPI
453080,KIWOOM 미국나스닥100(H),EF,KOSPI
453330,RISE 미국S&P500(H),EF,KOSPI
453630,KODEX 미국S&P500필수소비재,EF,KOSPI
453640,KODEX 미국S&P500헬스케어,EF,KOSPI
453650,KODEX 미국S&P500금융,EF,KOSPI
453660,KODEX 미국S&P500경기소비재,EF,KOSPI
453810,KODEX 인도Nifty50,EF,KOSPI
453820,KODEX 인도Nifty50레버리지(합성),EF,KOSPI
453850,ACE 미국30년국채액티브(H),EF,KOSPI
453870,TIGER 인도니프티50,EF,KOSPI
453950,TIGER TSMC파운드리밸류체인,EF,KOSPI
454180,KIWOOM 차이나내수소비TOP CSI,EF,KOSPI
454320,HANARO CAPEX설비투자iSelect,EF,KOSPI
454780,KIWOOM 종합채권(AA-이상)액티브,EF,KOSPI
455030,KODEX 미국달러SOFR금리액티브(합성),EF,KOSPI
455660,ACE 미국하이일드액티브(H),EF,KOSPI
455850,SOL AI반도체소부장,EF,KOSPI
455860,SOL 2차전지소부장Fn,EF,KOSPI
455890,RISE 머니마켓액티브,EF,KOSPI
455960,RISE 미국달러SOFR금리액티브(합성),EF,KOSPI
456200,PLUS 미국달러SOFR금리액티브(합성),EF,KOSPI
456250,KODEX 유럽명품TOP10 STOXX,EF,KOSPI
456600,TIME 글로벌AI인공지능액티브,EF,KOSPI
456610,TIGER 미국달러SOFR금리액티브(합성),EF,KOSPI
456680,TIGER 차이나전기차레버리지(합성),EF,KOSPI
456880,ACE 미국달러SOFR금리(합성),EF,KOSPI
457480,ACE 테슬라밸류체인액티브,EF,KOSPI
457690,KODEX 33-06 국고채액티브,EF,KOSPI
457700,KODEX 53-09 국고채액티브,EF,KOSPI
457930,BNK 미래전략기술액티브,EF,KOSPI
457990,PLUS 태양광&ESS,EF,KOSPI
458030,WON 국공채머니마켓액티브,EF,KOSPI
458210,KIWOOM CD금리액티브(합성),EF,KOSPI
458250,TIGER 미국30년국채스트립액티브(합성 H),EF,KOSPI
458260,TIGER 미국투자등급회사채액티브(H),EF,KOSPI
458730,TIGER 미국배당다우존스,EF,KOSPI
458750,TIGER 미국배당다우존스타겟커버드콜1호,EF,KOSPI
458760,TIGER 미국배당다우존스타겟커버드콜2호,EF,KOSPI
459560,KODEX 테슬라밸류체인FactSet,EF,KOSPI
459580,KODEX CD금리액티브(합성),EF,KOSPI
459750,RISE 글로벌주식분산액티브,EF,KOSPI
459790,KIWOOM 미국성장기업30액티브,EF,KOSPI
460270,KIWOOM 미국달러SOFR금리액티브(합성),EF,KOSPI
460660,RISE 미국S&P배당킹,EF,KOSPI
460960,ACE 글로벌인컴TOP10,EF,KOSPI
461340,HANARO 글로벌생성형AI액티브,EF,KOSPI
461450,KODEX 코스닥글로벌,EF,KOSPI
461460,PLUS 국고채10년액티브,EF,KOSPI
461490,RISE 글로벌자산배분액티브,EF,KOSPI
461500,HANARO 종합채권(AA-이상)액티브,EF,KOSPI
461580,TIGER 코스닥글로벌,EF,KOSPI
461600,SOL 미국30년국채액티브(H),EF,KOSPI
461900,PLUS 미국테크TOP10,EF,KOSPI
461910,PLUS 미국테크TOP10레버리지(합성),EF,KOSPI
461950,KODEX 2차전지핵심소재10,EF,KOSPI
462010,TIGER 2차전지소재Fn,EF,KOSPI
462330,KODEX 2차전지산업레버리지,EF,KOSPI
462340,에셋플러스 글로벌다이나믹시니어액티브,EF,KOSPI
462900,KoAct 바이오헬스케어액티브,EF,KOSPI
463050,TIME K바이오액티브,EF,KOSPI
463250,TIGER K방산&우주,EF,KOSPI
463290,1Q 단기금융채액티브,EF,KOSPI
463300,RISE 중국본토CSI300,EF,KOSPI
463640,KODEX 미국S&P500유틸리티,EF,KOSPI
463680,KODEX 미국S&P500테크놀로지,EF,KOSPI
463690,KODEX 미국S&P500커뮤니케이션,EF,KOSPI
464240,KIWOOM 26-09회사채(AA-이상)액티브,EF,KOSPI
464310,TIGER 글로벌AI&로보틱스 INDXX,EF,KOSPI
464470,PLUS 미국채30년액티브,EF,KOSPI
464600,SOL 자동차소부장Fn,EF,KOSPI
464610,SOL 의료기기소부장Fn,EF,KOSPI
464920,PLUS 일본반도체소부장,EF,KOSPI
464930,TIGER 글로벌혁신블루칩TOP10,EF,KOSPI
465330,RISE 2차전지TOP10,EF,KOSPI
465350,RISE 2차전지TOP10인버스(합성),EF,KOSPI
465580,ACE 미국빅테크TOP7 Plus,EF,KOSPI
465610,ACE 미국빅테크TOP7 Plus레버리지(합성),EF,KOSPI
465620,ACE 미국빅테크TOP7 Plus인버스(합성),EF,KOSPI
465660,TIGER 일본반도체FACTSET,EF,KOSPI
465670,TIGER 미국캐시카우100,EF,KOSPI
465780,마이티 26-09 특수채(AAA)액티브,EF,KOSPI
466810,BNK 2차전지양극재,EF,KOSPI
466920,SOL 조선TOP3플러스,EF,KOSPI
466930,SOL 자동차TOP3플러스,EF,KOSPI
466940,TIGER 은행고배당플러스TOP10,EF,KOSPI
466950,TIGER 글로벌AI액티브,EF,KOSPI
468370,KODEX iShares미국인플레이션국채액티브,EF,KOSPI
468380,KODEX iShares미국하이일드액티브,EF,KOSPI
468630,KODEX iShares미국투자등급회사채액티브,EF,KOSPI
469050,RISE 미국반도체NYSE(H),EF,KOSPI
469060,RISE 미국반도체NYSE,EF,KOSPI
469070,RISE AI&로봇,EF,KOSPI
469150,ACE AI반도체TOP3+,EF,KOSPI
469160,ACE 일본반도체,EF,KOSPI
469170,ACE 포스코그룹포커스,EF,KOSPI
469530,RISE 미국달러선물인버스,EF,KOSPI
469790,KIWOOM 코리아테크TOP10,EF,KOSPI
469830,SOL 초단기채권액티브,EF,KOSPI
470310,UNICORN 생성형AI강소기업액티브,EF,KOSPI
471040,KoAct 글로벌AI&로봇액티브,EF,KOSPI
471230,KODEX 국고채10년액티브,EF,KOSPI
471460,KIWOOM 국고채30년액티브,EF,KOSPI
471760,TIGER AI반도체핵심공정,EF,KOSPI
471780,TIGER 코리아테크액티브,EF,KOSPI
471990,KODEX AI반도체핵심장비,EF,KOSPI
472150,TIGER 배당커버드콜액티브,EF,KOSPI
472160,TIGER 미국테크TOP10 INDXX(H),EF,KOSPI
472170,TIGER 미국테크TOP10채권혼합,EF,KOSPI
472720,TRUSTON 주주가치액티브,EF,KOSPI
472830,RISE 미국30년국채커버드콜(합성),EF,KOSPI
472840,IBK 200,EF,KOSPI
472870,RISE 미국30년국채엔화노출(합성 H),EF,KOSPI
472920,HK 종합채권(AA-이상)액티브,EF,KOSPI
473290,KODEX 26-12 회사채(AA-이상)액티브,EF,KOSPI
473330,SOL 미국30년국채커버드콜(합성),EF,KOSPI
473440,ACE 11월만기자동연장회사채AA-이상액티브,EF,KOSPI
473460,KODEX 미국서학개미,EF,KOSPI
473490,KIWOOM 글로벌AI반도체,EF,KOSPI
473590,ACE 미국주식베스트셀러,EF,KOSPI
473640,HANARO 글로벌금채굴기업,EF,KOSPI
474220,TIGER 미국테크TOP10타겟커버드콜,EF,KOSPI
474390,SOL 국고채30년액티브,EF,KOSPI
474590,WON 반도체밸류체인액티브,EF,KOSPI
474800,KIWOOM 미국원유에너지기업,EF,KOSPI
474920,에셋플러스 차이나일등기업포커스10액티브,EF,KOSPI
475050,ACE KPOP포커스,EF,KOSPI
475070,KoAct 글로벌친환경전력인프라액티브,EF,KOSPI
475080,KODEX 테슬라커버드콜채권혼합액티브,EF,KOSPI
475260,ACE 2월만기자동연장회사채AA-이상액티브,EF,KOSPI
475270,ACE 5월만기자동연장회사채AA-이상액티브,EF,KOSPI
475280,ACE 8월만기자동연장회사채AA-이상액티브,EF,KOSPI
475300,SOL 반도체전공정,EF,KOSPI
475310,SOL 반도체후공정,EF,KOSPI
475350,RISE 버크셔포트폴리오TOP10,EF,KOSPI
475380,RISE 글로벌리얼티인컴,EF,KOSPI
475630,TIGER CD1년금리액티브(합성),EF,KOSPI
475720,RISE 200위클리커버드콜,EF,KOSPI
476000,UNICORN 포스트IPO액티브,EF,KOSPI
476030,SOL 미국나스닥100,EF,KOSPI
476070,KODEX 글로벌비만치료제TOP2 Plus,EF,KOSPI
476260,HANARO 반도체핵심공정주도주,EF,KOSPI
476310,RISE 글로벌비만산업TOP2+,EF,KOSPI
476450,KIWOOM 머니마켓액티브,EF,KOSPI
476550,TIGER 미국30년국채커버드콜액티브(H),EF,KOSPI
476690,TIGER 글로벌비만치료제TOP2Plus,EF,KOSPI
476750,ACE 미국30년국채엔화노출액티브(H),EF,KOSPI
476760,ACE 미국30년국채액티브,EF,KOSPI
476800,KODEX 한국부동산리츠인프라,EF,KOSPI
476850,KoAct 배당성장액티브,EF,KOSPI
477050,PLUS 머니마켓액티브,EF,KOSPI
477080,RISE CD금리액티브(합성),EF,KOSPI
477490,에셋플러스 글로벌일등기업포커스10액티브,EF,KOSPI
477730,KODEX 인도타타그룹,EF,KOSPI
478150,TIME 글로벌우주테크&방산액티브,EF,KOSPI
479080,1Q 머니마켓액티브,EF,KOSPI
479520,RISE KOFR금리액티브(합성),EF,KOSPI
479620,SOL 미국AI반도체칩메이커,EF,KOSPI
479730,TIGER 인도빌리언컨슈머,EF,KOSPI
479850,HANARO K-뷰티,EF,KOSPI
480020,ACE 미국빅테크7+데일리타겟커버드콜(합성),EF,KOSPI
480030,ACE 미국500데일리타겟커버드콜(합성),EF,KOSPI
480040,ACE 미국반도체데일리타겟커버드콜(합성),EF,KOSPI
480260,TIGER 27-04회사채(A+이상)액티브,EF,KOSPI
480310,TIGER 글로벌온디바이스AI,EF,KOSPI
480460,WON 한국부동산TOP3플러스,EF,KOSPI
481050,KODEX CD1년금리플러스액티브(합성),EF,KOSPI
481060,KODEX 미국30년국채타겟커버드콜(합성 H),EF,KOSPI
481180,SOL 미국AI소프트웨어,EF,KOSPI
481190,SOL 미국테크TOP10,EF,KOSPI
481340,RISE 미국30년국채액티브,EF,KOSPI
481430,RISE 국고채10년액티브,EF,KOSPI
481850,신한글로벌액티브리츠,RT,KOSPI
482030,KoAct 반도체&2차전지핵심소재액티브,EF,KOSPI
482730,TIGER 미국S&P500타겟데일리커버드콜,EF,KOSPI
483020,KIWOOM 의료AI,EF,KOSPI
483030,KIWOOM 미국블록버스터바이오테크의약품+,EF,KOSPI
483280,KODEX 미국AI테크TOP10타겟커버드콜,EF,KOSPI
483290,KODEX 미국배당다우존스타겟커버드콜,EF,KOSPI
483320,ACE 엔비디아밸류체인액티브,EF,KOSPI
483330,ACE 마이크로소프트밸류체인액티브,EF,KOSPI
483340,ACE 구글밸류체인액티브,EF,KOSPI
483570,KCGI 미국S&P500 TOP10,EF,KOSPI
484790,KODEX 미국30년국채액티브(H),EF,KOSPI
484880,SOL 금융지주플러스고배당,EF,KOSPI
484890,SOL 머니마켓액티브,EF,KOSPI
485540,KODEX 미국AI테크TOP10,EF,KOSPI
485690,RISE 미국AI밸류체인TOP3Plus,EF,KOSPI
485810,TIME 글로벌바이오액티브,EF,KOSPI
486240,DAISHIN AI반도체&인프라액티브,EF,KOSPI
486290,TIGER 미국나스닥100타겟데일리커버드콜,EF,KOSPI
486450,SOL 미국AI전력인프라,EF,KOSPI
486830,HANARO 머니마켓액티브,EF,KOSPI
487130,KoAct AI인프라액티브,EF,KOSPI
487230,KODEX 미국AI전력핵심인프라,EF,KOSPI
487240,KODEX AI전력핵심설비,EF,KOSPI
487340,ACE 머니마켓액티브,EF,KOSPI
487750,BNK 온디바이스AI,EF,KOSPI
487910,ACE 인도컨슈머파워액티브,EF,KOSPI
487920,ACE 인도시장대표BIG5그룹액티브,EF,KOSPI
487950,KODEX 대만테크고배당다우존스,EF,KOSPI
488080,TIGER 반도체TOP10레버리지,EF,KOSPI
488200,KIWOOM K-2차전지북미공급망,EF,KOSPI
488210,KIWOOM K-반도체북미공급망,EF,KOSPI
488290,MIDAS 일본테크액티브,EF,KOSPI
488480,RISE 일본섹터TOP4Plus,EF,KOSPI
488500,TIGER 미국S&P500동일가중,EF,KOSPI
488720,WON 종합채권(AA-이상)액티브,EF,KOSPI
488770,KODEX 머니마켓액티브,EF,KOSPI
488980,SOL 26-12 회사채(AA-이상)액티브,EF,KOSPI
489000,PLUS 일본엔화초단기국채(합성),EF,KOSPI
489010,PLUS 글로벌AI인프라,EF,KOSPI
489030,PLUS 고배당주위클리커버드콜,EF,KOSPI
489250,KODEX 미국배당다우존스,EF,KOSPI
489290,WON 미국빌리어네어,EF,KOSPI
489860,KIWOOM 글로벌전력GRID인프라,EF,KOSPI
490090,TIGER 미국AI빅테크10,EF,KOSPI
490330,KoAct 미국치매&뇌질환치료제액티브,EF,KOSPI
490480,SOL K방산,EF,KOSPI
490490,SOL 미국배당미국채혼합50,EF,KOSPI
490590,RISE 미국AI밸류체인데일리고정커버드콜,EF,KOSPI
490600,RISE 미국배당100데일리고정커버드콜,EF,KOSPI
491010,TIGER 글로벌AI전력인프라액티브,EF,KOSPI
491090,KODEX 미국테크TOP3플러스,EF,KOSPI
491220,PLUS 200TR,EF,KOSPI
491230,PLUS 국공채머니마켓액티브,EF,KOSPI
491510,파워 K-주주가치액티브,EF,KOSPI
491610,1Q CD금리액티브(합성),EF,KOSPI
491620,RISE 미국테크100데일리고정커버드콜,EF,KOSPI
491630,RISE 미국반도체인버스(합성 H),EF,KOSPI
491700,HK 200,EF,KOSPI
491820,HANARO 전력설비투자,EF,KOSPI
491830,TIGER 미국AI반도체팹리스,EF,KOSPI
492500,1Q 현대차그룹채권(A+이상)&국고통안,EF,KOSPI
493420,SOL 미국배당다우존스2호,EF,KOSPI
493810,TIGER 미국AI빅테크10타겟데일리커버드콜,EF,KOSPI
494180,TIME 글로벌소비트렌드액티브,EF,KOSPI
494210,SOL 미국500타겟데일리커버드콜액티브,EF,KOSPI
494220,UNICORN SK하이닉스밸류체인액티브,EF,KOSPI
494300,KODEX 미국나스닥100데일리커버드콜OTM,EF,KOSPI
494310,KODEX 반도체레버리지,EF,KOSPI
494330,ACE 라이프자산주주가치액티브,EF,KOSPI
494340,ACE 글로벌AI맞춤형반도체,EF,KOSPI
494410,PLUS 미국S&P500성장주,EF,KOSPI
494420,PLUS 미국배당증가성장주데일리커버드콜,EF,KOSPI
494670,TIGER 조선TOP10,EF,KOSPI
494840,TIGER 미국방산TOP10,EF,KOSPI
494890,KODEX 200액티브,EF,KOSPI
495040,PLUS 코리아밸류업,EF,KOSPI
495050,RISE 코리아밸류업,EF,KOSPI
495060,TIME 코리아밸류업액티브,EF,KOSPI
495230,KoAct 코리아밸류업액티브,EF,KOSPI
495330,1Q 코리아밸류업,EF,KOSPI
495550,SOL 코리아밸류업TR,EF,KOSPI
495750,HANARO 코리아밸류업,EF,KOSPI
495850,KODEX 코리아밸류업,EF,KOSPI
495940,RISE 미국AI테크액티브,EF,KOSPI
496020,WON 전단채플러스액티브,EF,KOSPI
496080,TIGER 코리아밸류업,EF,KOSPI
496090,KIWOOM 코리아밸류업,EF,KOSPI
496120,ACE 코리아밸류업,EF,KOSPI
496130,TRUSTON 코리아밸류업액티브,EF,KOSPI
496770,PLUS 글로벌방산,EF,KOSPI
497510,ACE 글로벌빅파마,EF,KOSPI
497520,ACE 일라이릴리밸류체인,EF,KOSPI
497570,TIGER 미국필라델피아AI반도체나스닥,EF,KOSPI
497780,KoAct 미국천연가스인프라액티브,EF,KOSPI
497880,SOL CD금리&머니마켓액티브,EF,KOSPI
498050,HANARO 바이오코리아액티브,EF,KOSPI
498180,파워 종합채권(AA-이상)액티브,EF,KOSPI
498270,KIWOOM 미국양자컴퓨팅,EF,KOSPI
498400,KODEX 200타겟위클리커버드콜,EF,KOSPI
498410,KODEX 금융고배당TOP10타겟위클리커버드콜,EF,KOSPI
498610,RISE 인도디지털성장,EF,KOSPI
498860,RISE 코리아금융고배당,EF,KOSPI
499150,SOL 미국S&P500엔화노출(H),EF,KOSPI
499660,TIGER CD금리플러스액티브(합성),EF,KOSPI
950210,프레스티지바이오파마,DR,KOSPI
J0036221D,KG모빌리티 122WR,SW,KOSPI
J0113321F,유니켐 41WR,SW,KOSPI
J0122001G,계양전기13R,SR,KOSPI
J0479201G,에이치엘비제약 45R,SR,KOSPI
J0669721F,엘앤에프 7WR,SW,KOSPI
J0671721G,오텍 13WR,SW,KOSPI
J2201001G,퓨쳐켐 26R,SR,KOSPI
J2552201G,에스지이 12R,SR,KOSPI
Q500061,신한 인버스 코스피 200 선물 ETN,EN,KOSPI
Q500063,신한 인버스 코스닥 150 선물 ETN,EN,KOSPI
Q500067,신한 레버리지 10년 국채선물 ETN,EN,KOSPI
Q500068,신한 인버스 2X 10년 국채선물 ETN,EN,KOSPI
Q500069,신한 레버리지 코스피 200 선물 ETN,EN,KOSPI
Q500071,신한 레버리지 코스닥 150 선물 ETN,EN,KOSPI
Q500072,신한 인버스 2X 코스닥 150 선물 ETN,EN,KOSPI
Q500085,신한 코스피 200 TR ETN,EN,KOSPI
Q500086,신한 코스닥 150 TR ETN,EN,KOSPI
Q500091,신한 33-12 국고채 플러스 ETN,EN,KOSPI
Q500093,신한 블룸버그 레버리지 WTI원유선물 ETN B,EN,KOSPI
Q500094,신한 블룸버그 인버스2X WTI원유선물 ETN B,EN,KOSPI
Q500095,신한 S&P500 VIX S/T 선물 ETN E,EN,KOSPI
Q500096,신한 인버스2X 천연가스 선물 ETN B,EN,KOSPI
Q500097,신한 레버리지 Russell 2000 ETN B,EN,KOSPI
Q500098,신한 인버스 2X Russell 2000 ETN B,EN,KOSPI
Q500099,신한 WTI원유 선물 ETN,EN,KOSPI
Q500100,신한 금 선물 ETN,EN,KOSPI
Q500101,신한 블룸버그 천연가스 선물 ETN,EN,KOSPI
Q500102,신한 블룸버그 2X 천연가스 선물 ETN B,EN,KOSPI
Q500035,신한 레버리지 미국달러 선물 ETN,EN,KOSPI
Q500036,신한 인버스 2X 미국달러 선물 ETN,EN,KOSPI
Q500050,신한 레버리지 S&P500 선물 ETN,EN,KOSPI
Q500051,신한 인버스 2X S&P500 선물 ETN,EN,KOSPI
Q500023,신한 콩 선물 ETN(H),EN,KOSPI
Q500024,신한 인버스 콩 선물 ETN(H),EN,KOSPI
Q500029,신한 레버리지 은 선물 ETN(H),EN,KOSPI
Q500030,신한 인버스 2X 은 선물 ETN(H),EN,KOSPI
Q500037,신한 레버리지 금 선물 ETN,EN,KOSPI
Q500038,신한 인버스 2X 금 선물 ETN,EN,KOSPI
Q500040,신한 레버리지 구리 선물 ETN,EN,KOSPI
Q500041,신한 인버스 2X 구리 선물 ETN,EN,KOSPI
Q510027,대신 인버스 2X 코스닥 150 선물 ETN,EN,KOSPI
Q510043,대신 인버스 천연가스 선물 ETN(H) B,EN,KOSPI
Q510044,대신 레버리지 미국달러 선물 ETN,EN,KOSPI
Q510045,대신 인버스 2X 미국달러 선물 ETN,EN,KOSPI
Q520037,미래에셋 코스피200 선물 ETN,EN,KOSPI
Q520038,미래에셋 인버스 코스피200 선물 ETN,EN,KOSPI
Q520039,미래에셋 코스닥150 선물 ETN,EN,KOSPI
Q520040,미래에셋 인버스 코스닥150 선물 ETN,EN,KOSPI
Q520046,미래에셋 레버리지 옥수수 선물 ETN,EN,KOSPI
Q520047,미래에셋 인버스 2X 옥수수 선물 ETN,EN,KOSPI
Q520054,미래에셋 레버리지 코스피200 선물 ETN,EN,KOSPI
Q520056,미래에셋 레버리지 코스닥150 선물 ETN,EN,KOSPI
Q520057,미래에셋 인버스 2X 코스닥150 선물 ETN,EN,KOSPI
Q520064,미래에셋 2X 미국채울트라30년 선물 ETN,EN,KOSPI
Q520065,미래에셋 -2X 미국채울트라30년 선물 ETN,EN,KOSPI
Q520066,미래에셋 KRX금현물 Auto-KO-C 2810-01 ETN,EN,KOSPI
Q520072,미래에셋 미국 AI TOP3 ETN,EN,KOSPI
Q520073,미래에셋 레버리지 미국 AI TOP3 ETN,EN,KOSPI
Q520074,미래에셋 미국 방위산업 TOP3 ETN,EN,KOSPI
Q520075,미래에셋 레버리지 미국 방위산업 TOP3 ETN,EN,KOSPI
Q520076,미래에셋 1.5X 천연가스 선물 ETN,EN,KOSPI
Q520077,미래에셋 -1.5X 천연가스 선물 ETN,EN,KOSPI
Q520078,미래에셋 미국 제약 TOP3 ETN,EN,KOSPI
Q520079,미래에셋 레버리지 미국 제약 TOP3 ETN,EN,KOSPI
Q520080,미래에셋 미국 테크&반도체 TOP3 ETN,EN,KOSPI
Q520081,미래에셋 2X 미국 테크&반도체 TOP3 ETN,EN,KOSPI
Q520082,미래에셋 미국 자율주행대표기업 ETN,EN,KOSPI
Q520083,미래에셋 2X 미국 자율주행대표기업 ETN,EN,KOSPI
Q520084,미래에셋 -2X 미국 자율주행대표기업 ETN,EN,KOSPI
Q520085,미래에셋 -2X 미국 AI TOP3 ETN,EN,KOSPI
Q520086,미래에셋-0.5X S&P500 VIX S/T선물 ETN(H)B,EN,KOSPI
Q520087,미래에셋 레버리지 KRX 금현물 ETN,EN,KOSPI
Q520088,미래에셋 S&P500 VIX S/T 선물 ETN(H),EN,KOSPI
Q520089,미래에셋 CAPE 실러 US Core Sector ETN,EN,KOSPI
Q520090,미래에셋 천연가스 선물 ETN B,EN,KOSPI
Q520091,미래에셋 인버스 천연가스 선물 ETN B,EN,KOSPI
Q520092,미래에셋 레버리지 은 선물 ETN B,EN,KOSPI
Q520093,미래에셋 인버스 2X 은 선물 ETN B,EN,KOSPI
Q520094,미래에셋 CD금리 플러스 ETN,EN,KOSPI
Q520095,미래에셋 레버리지 WTI원유 선물 ETN,EN,KOSPI
Q520096,미래에셋 인버스 2X WTI원유 선물 ETN,EN,KOSPI
Q520097,미래에셋 1.5X S&P500 VIX S/T선물 ETN,EN,KOSPI
Q520098,미래에셋 레버리지 반도체 ETN,EN,KOSPI
Q520099,미래에셋 인버스 2X 반도체 ETN,EN,KOSPI
Q520100,미래에셋 레버리지 삼성전자 단일종목 ETN,EN,KOSPI
Q520101,미래에셋 레버리지 SK하이닉스 단일종목ETN,EN,KOSPI
Q520102,미래에셋 인버스 2X 코스피200 선물 ETN B,EN,KOSPI
Q530089,삼성 은 선물 ETN(H),EN,KOSPI
Q530090,삼성 인버스 은 선물 ETN(H),EN,KOSPI
Q530092,삼성 인버스 코스피 200 선물 ETN,EN,KOSPI
Q530094,삼성 인버스 코스닥 150 선물 ETN,EN,KOSPI
Q530095,삼성 구리 선물 ETN(H),EN,KOSPI
Q530096,삼성 인버스 구리 선물 ETN(H),EN,KOSPI
Q530104,삼성 레버리지 코스피200 선물 ETN,EN,KOSPI
Q530106,삼성 레버리지 코스닥150 선물 ETN,EN,KOSPI
Q530107,삼성 인버스 2X 코스닥150 선물 ETN,EN,KOSPI
Q530112,삼성 S&P500 TR ETN,EN,KOSPI
Q530113,삼성 레버리지 S&P500 선물 ETN,EN,KOSPI
Q530114,삼성 인버스 2X S&P500 선물 ETN,EN,KOSPI
Q530115,삼성 레버리지 나스닥 100 TR ETN,EN,KOSPI
Q530116,삼성 인버스 2X 나스닥 100 TR ETN,EN,KOSPI
Q530117,삼성 코스피 200 TR ETN,EN,KOSPI
Q530118,삼성 코스닥 150 TR ETN,EN,KOSPI
Q530119,삼성 레버리지 항셍테크 TR ETN(H) B,EN,KOSPI
Q530120,삼성 나스닥 100 TR ETN,EN,KOSPI
Q530121,삼성 항셍테크 TR ETN(H) B,EN,KOSPI
Q530122,삼성 인버스 2X 항셍테크 TR ETN(H) B,EN,KOSPI
Q530123,삼성 일본니케이225선물 ETN(H),EN,KOSPI
Q530124,삼성 레버리지 일본니케이225선물 ETN(H),EN,KOSPI
Q530125,삼성 인버스 2X 일본니케이225선물 ETN(H),EN,KOSPI
Q530126,삼성 코리아 밸류업 TR ETN,EN,KOSPI
Q530127,삼성 미국다우존스 TR ETN,EN,KOSPI
Q530128,삼성 레버리지 미국다우존스 선물 ETN,EN,KOSPI
Q530129,삼성 인버스 2X 미국다우존스 선물 ETN,EN,KOSPI
Q530130,삼성 S&P500 VIX S/T 선물 ETN B,EN,KOSPI
Q530131,삼성 인버스0.5X S&P500 VIX S/T선물 ETN B,EN,KOSPI
Q530132,삼성 블룸버그 WTI원유 선물 ETN B,EN,KOSPI
Q530133,삼성 블룸버그 레버리지 WTI원유선물 ETN B,EN,KOSPI
Q530134,삼성 블룸버그 인버스2X WTI원유선물 ETN B,EN,KOSPI
Q530135,삼성 인버스 China A50 선물 ETN(H) B,EN,KOSPI
Q530136,삼성 인버스 2X 천연가스 선물 ETN D,EN,KOSPI
Q530137,삼성 KRX 2차전지 TOP10 TR ETN,EN,KOSPI
Q530138,삼성 KRX 레버리지 2차전지 TOP10 TR ETN,EN,KOSPI
Q530139,삼성 iSelect 조선 TOP10 TR ETN,EN,KOSPI
Q530140,삼성 iSelect 레버리지 조선 TOP10 TR ETN,EN,KOSPI
Q530141,삼성 중국 자동차 TOP5 TR ETN(H),EN,KOSPI
Q530142,삼성 중국 AI 테크 TOP5 TR ETN(H),EN,KOSPI
Q530143,삼성 인버스 2X 은 선물 ETN,EN,KOSPI
Q530145,삼성 레버리지 천연가스 선물 ETN D,EN,KOSPI
Q530067,삼성 KRX 금현물 ETN,EN,KOSPI
Q530060,삼성 코스피 양매도 5% OTM ETN,EN,KOSPI
Q530031,삼성 레버리지 WTI원유 선물 ETN,EN,KOSPI
Q530055,삼성 레버리지 금 선물 ETN(H),EN,KOSPI
Q530056,삼성 인버스 2X 금 선물 ETN(H),EN,KOSPI
Q530061,삼성 레버리지 은 선물 ETN(H),EN,KOSPI
Q530062,삼성 인버스 2X 은 선물 ETN(H),EN,KOSPI
Q530063,삼성 레버리지 구리 선물 ETN(H),EN,KOSPI
Q530064,삼성 인버스 2X 구리 선물 ETN(H),EN,KOSPI
Q550064,N2 레버리지 은 선물 ETN(H),EN,KOSPI
Q550069,N2 레버리지 구리 선물 ETN(H),EN,KOSPI
Q550070,N2 인버스 레버리지 구리 선물 ETN(H),EN,KOSPI
Q550082,N2 KIS CD금리투자 ETN,EN,KOSPI
Q550084,N2 코스피 200 TR ETN,EN,KOSPI
Q550085,N2 코스닥 150 TR ETN,EN,KOSPI
Q550087,N2 선진국 1등주 ETN,EN,KOSPI
Q550088,N2 월간 레버리지 선진국 1등주 ETN,EN,KOSPI
Q550089,N2 월간 레버리지 코스피 200 선물 ETN,EN,KOSPI
Q550091,N2 방위산업 Top5 ETN,EN,KOSPI
Q550092,N2 월간 레버리지 방위산업 Top5 ETN,EN,KOSPI
Q550093,N2 전력인프라 Top5 ETN,EN,KOSPI
Q550095,N2 레버리지 국채10년 ETN,EN,KOSPI
Q550096,N2 레버리지 국채30년 ETN,EN,KOSPI
Q550097,N2 레버리지 코스닥150 선물 ETN,EN,KOSPI
Q550098,N2 인버스 2X 코스닥150 선물 ETN,EN,KOSPI
Q550099,N2 레버리지 천연가스 선물 ETN,EN,KOSPI
Q550100,N2 인버스 2X 천연가스 선물 ETN,EN,KOSPI
Q550041,N2 미국 IT TOP5 ETN(H),EN,KOSPI
Q570047,한투 FTSE100 ETN,EN,KOSPI
Q570050,한투 S&P500선물 ETN,EN,KOSPI
Q570051,한투 나스닥100 ETN,EN,KOSPI
Q570061,한투 레버리지은선물 ETN,EN,KOSPI
Q570063,한투 베트남VN30선물 ETN(H),EN,KOSPI
Q570064,한투 인버스베트남VN30선물 ETN(H),EN,KOSPI
Q570065,한투 레버리지베트남VN30선물 ETN(H),EN,KOSPI
Q570066,한투 인버스2X베트남VN30 선물 ETN(H),EN,KOSPI
Q570069,한투 레버리지플래티넘선물 ETN,EN,KOSPI
Q570070,한투 인버스2X플래티넘선물 ETN,EN,KOSPI
Q570071,한투 구리선물 ETN,EN,KOSPI
Q570072,한투 레버리지구리선물 ETN,EN,KOSPI
Q570073,한투 인버스2X구리선물 ETN,EN,KOSPI
Q570074,한투 유럽탄소배출권선물 ETN(H),EN,KOSPI
Q570081,한투 레버리지코스닥150선물 ETN,EN,KOSPI
Q570082,한투 인버스2X코스닥150선물 ETN,EN,KOSPI
Q570085,한투 인도네시아대표원자재 ETN,EN,KOSPI
Q570090,한투 KIS CD금리투자 ETN,EN,KOSPI
Q570091,한투 인버스유로스탁스50 ETN(H) C,EN,KOSPI
Q570092,한투 인버스2X유로스탁스50 ETN(H) B,EN,KOSPI
Q570094,한투 일본엔선물 ETN C,EN,KOSPI
Q570095,한투 레버리지일본엔선물 ETN C,EN,KOSPI
Q570096,한투 인버스2X일본엔선물 ETN,EN,KOSPI
Q570097,한투 엔달러선물 ETN(H),EN,KOSPI
Q570098,한투 레버리지엔달러선물 ETN(H),EN,KOSPI
Q570099,한투 인버스2X엔달러 선물 ETN(H),EN,KOSPI
Q570100,한투 일본종합상사TOP5 ETN,EN,KOSPI
Q570101,한투 인버스나스닥100 ETN B,EN,KOSPI
Q570102,한투 레버리지나스닥100 ETN B,EN,KOSPI
Q570103,한투 인버스2X나스닥100 ETN B,EN,KOSPI
Q570104,한투 일본니케이225선물 ETN(H),EN,KOSPI
Q570105,한투 인버스일본니케이225선물 ETN(H),EN,KOSPI
Q570106,한투 레버리지일본니케이225선물 ETN(H),EN,KOSPI
Q570107,한투 인버스2X일본니케이225선물 ETN(H),EN,KOSPI
Q570108,한투 레버리지국채30년 ETN,EN,KOSPI
Q570109,한투 레버리지미국채30년 ETN,EN,KOSPI
Q570110,한투 3X레버리지국채30년 ETN,EN,KOSPI
Q570111,한투 3X레버리지미국채30년 ETN,EN,KOSPI
Q570114,한투 S&P500 VIX S/T선물 ETN(H) B,EN,KOSPI
Q570115,한투 인버스0.5X S&P500 VIX S/T선물 ETN B,EN,KOSPI
Q570116,한투 레버리지WTI원유선물 ETN B,EN,KOSPI
Q570117,한투 인버스2XWTI원유선물 ETN B,EN,KOSPI
Q570118,한투 인버스2X천연가스선물 ETN B,EN,KOSPI
Q570119,한투 인버스2X은선물 ETN,EN,KOSPI
Q570120,한투 레버리지천연가스선물 ETN C,EN,KOSPI
Q570121,한투 금선물 ETN,EN,KOSPI
Q570122,한투 인버스금선물 ETN,EN,KOSPI
Q570123,한투 은선물 ETN,EN,KOSPI
Q570124,한투 인버스은선물 ETN,EN,KOSPI
Q570125,한투 솔랙티브레버리지금선물 ETN,EN,KOSPI
Q570126,한투 솔랙티브인버스2X금선물 ETN,EN,KOSPI
Q570127,한투 인버스2X코스피200선물 ETN,EN,KOSPI
Q570019,한투 코스피양매도5%OTM ETN,EN,KOSPI
Q570029,한투 코스피양매도3%OTM ETN,EN,KOSPI
Q570022,한투 레버리지S&P500선물 ETN(H),EN,KOSPI
Q570023,한투 인버스2XS&P500선물 ETN(H),EN,KOSPI
Q580026,KB S&P 레버리지 은 선물 ETN(H),EN,KOSPI
Q580032,KB 레버리지 구리 선물 ETN(H),EN,KOSPI
Q580033,KB 인버스 2X 구리 선물 ETN(H),EN,KOSPI
Q580034,KB 레버리지 FANG 플러스 ETN(H),EN,KOSPI
Q580035,KB S&P 유럽탄소배출권 선물 ETN(H),EN,KOSPI
Q580039,KB 레버리지 KOSPI 200 선물 ETN,EN,KOSPI
Q580043,KB 레버리지 KOSDAQ 150 선물 ETN,EN,KOSPI
Q580044,KB 인버스 2X KOSDAQ 150 선물 ETN,EN,KOSPI
Q580047,KB 레버리지 항셍테크 선물 ETN(H) B,EN,KOSPI
Q580048,KB 차이나 대형주 CSI 300 ETN,EN,KOSPI
Q580049,KB 차이나 중형주 CSI 500 ETN,EN,KOSPI
Q580050,KB 차이나 과창판 STAR 50 ETN,EN,KOSPI
Q580051,KB 레버리지 밀 선물 ETN,EN,KOSPI
Q580052,KB 인버스 2X 밀 선물 ETN,EN,KOSPI
Q580053,KB 레버리지 콩 선물 ETN,EN,KOSPI
Q580054,KB 인버스 2X 콩 선물 ETN,EN,KOSPI
Q580056,KB 일본 로보틱스 TOP 10 ETN,EN,KOSPI
Q580057,KB 일본 컨슈머 TOP 10 ETN,EN,KOSPI
Q580058,KB KIS CD금리투자 ETN,EN,KOSPI
Q580059,KB 미국채 10년 ETN,EN,KOSPI
Q580060,KB 레버리지 미국채 10년 ETN,EN,KOSPI
Q580061,KB 미국채 30년 ETN,EN,KOSPI
Q580062,KB 레버리지 미국채 30년 ETN,EN,KOSPI
Q580063,KB 레버리지 미국채 10년 선물 ETN,EN,KOSPI
Q580064,KB 인버스 2X 미국채 10년 선물 ETN,EN,KOSPI
Q580065,KB 코스닥 150 TR ETN,EN,KOSPI
Q580066,KB 인도 대형 성장주 Select 5 ETN,EN,KOSPI
Q580067,KB 인도 디지털 Select 5 ETN,EN,KOSPI
Q580068,KB S&P 레버리지 WTI원유 선물 ETN B,EN,KOSPI
Q580069,KB S&P 인버스 2X WTI원유 선물 ETN B,EN,KOSPI
Q580070,KB 레버리지 2차전지 TOP 10 TR ETN,EN,KOSPI
Q580071,KB 인버스 2X 천연가스 선물 ETN B,EN,KOSPI
Q580072,KB 화웨이 밸류체인 ETN,EN,KOSPI
Q580073,KB 레버리지 화웨이 밸류체인 ETN,EN,KOSPI
Q580074,KB BYD 밸류체인 ETN,EN,KOSPI
Q580075,KB 레버리지 BYD 밸류체인 ETN,EN,KOSPI
Q580076,KB 레버리지 미국 나스닥 100 TR ETN B,EN,KOSPI
Q580077,KB 인버스 2X 미국 나스닥 100 TR ETN B,EN,KOSPI
Q580078,KB 은 선물 ETN,EN,KOSPI
Q580079,KB 레버리지 은 선물 ETN,EN,KOSPI
Q580080,KB 인버스 은 선물 ETN,EN,KOSPI
Q580081,KB 인버스 2X 은 선물 ETN,EN,KOSPI
Q580082,KB 레버리지 반도체 TOP10 TR ETN,EN,KOSPI
Q580083,KB 레버리지 미국 S&P500 선물 ETN B,EN,KOSPI
Q580084,KB 인버스 2X 미국 S&P500 선물 ETN B,EN,KOSPI
Q580085,KB 솔랙티브 천연가스 선물 ETN,EN,KOSPI
Q580086,KB 솔랙티브 레버리지 천연가스 선물 ETN,EN,KOSPI
Q580087,KB 솔랙티브 인버스 천연가스 선물 ETN,EN,KOSPI
Q580088,KB 인버스 2X KOSPI 200 선물 ETN B,EN,KOSPI
Q580089,KB 솔랙티브 레버리지 금 선물 ETN,EN,KOSPI
Q580090,KB 솔랙티브 인버스 2X 금 선물 ETN,EN,KOSPI
Q580010,KB Wise 분할매매 ETN,EN,KOSPI
Q610001,메리츠 인플레이션 국채 ETN,EN,KOSPI
Q610003,메리츠 미국 인플레이션 국채 ETN(H),EN,KOSPI
Q610007,메리츠 국채30년 ETN,EN,KOSPI
Q610018,메리츠 국채10년 ETN,EN,KOSPI
Q610020,메리츠 인버스 국채10년 ETN,EN,KOSPI
Q610022,메리츠 미국채10년 ETN(H),EN,KOSPI
Q610023,메리츠 레버리지 미국채10년 ETN(H),EN,KOSPI
Q610024,메리츠 인버스 미국채10년 ETN(H),EN,KOSPI
Q610025,메리츠 인버스 2X 미국채10년 ETN(H),EN,KOSPI
Q610028,메리츠 레버리지 구리 선물 ETN(H),EN,KOSPI
Q610029,메리츠 인버스 2X 구리 선물 ETN(H),EN,KOSPI
Q610030,메리츠 S&P 유럽탄소배출권 선물 ETN(H),EN,KOSPI
Q610034,메리츠 대표 농산물 선물 ETN(H),EN,KOSPI
Q610035,메리츠 레버리지 대표 농산물 선물 ETN(H),EN,KOSPI
Q610036,메리츠 인버스 2X 대표 농산물 선물 ETN(H),EN,KOSPI
Q610037,메리츠 미국채30년 ETN(H),EN,KOSPI
Q610038,메리츠 레버리지 미국채30년 ETN(H),EN,KOSPI
Q610039,메리츠 인버스 미국채30년 ETN(H),EN,KOSPI
Q610040,메리츠 인버스 2X 미국채30년 ETN(H),EN,KOSPI
Q610045,메리츠 국채3년 ETN,EN,KOSPI
Q610047,메리츠 인버스 국채3년 ETN,EN,KOSPI
Q610049,메리츠 국채5년 ETN,EN,KOSPI
Q610051,메리츠 인버스 국채5년 ETN,EN,KOSPI
Q610055,메리츠 3X 레버리지 국채3년 ETN,EN,KOSPI
Q610056,메리츠 인버스 3X 국채3년 ETN,EN,KOSPI
Q610057,메리츠 3X 레버리지 국채5년 ETN,EN,KOSPI
Q610058,메리츠 인버스 3X 국채5년 ETN,EN,KOSPI
Q610059,메리츠 3X 레버리지 국채10년 ETN,EN,KOSPI
Q610060,메리츠 인버스 3X 국채10년 ETN,EN,KOSPI
Q610061,메리츠 3X 레버리지 국채30년 ETN,EN,KOSPI
Q610062,메리츠 인버스 3X 국채30년 ETN,EN,KOSPI
Q610063,메리츠 KIS CD금리투자 ETN,EN,KOSPI
Q610064,메리츠 KAP 통안채 6개월 ETN,EN,KOSPI
Q610066,메리츠 KAP 통안채 3개월 ETN,EN,KOSPI
Q610068,메리츠 KAP 일본 엔화 ETN,EN,KOSPI
Q610069,메리츠 KAP 레버리지 일본 엔화 ETN,EN,KOSPI
Q610070,메리츠 KAP 인버스 2X 일본 엔화 ETN,EN,KOSPI
Q610071,메리츠 KAP 중국 위안화 ETN,EN,KOSPI
Q610072,메리츠 KAP 레버리지 중국 위안화 ETN,EN,KOSPI
Q610073,메리츠 KAP 인버스 2X 중국 위안화 ETN,EN,KOSPI
Q610074,메리츠 미국채10년 ETN,EN,KOSPI
Q610075,메리츠 3X 레버리지 미국채10년 ETN,EN,KOSPI
Q610076,메리츠 인버스 3X 미국채10년 ETN,EN,KOSPI
Q610077,메리츠 미국채30년 ETN,EN,KOSPI
Q610078,메리츠 3X 레버리지 미국채30년 ETN,EN,KOSPI
Q610079,메리츠 인버스 3X 미국채30년 ETN,EN,KOSPI
Q610080,메리츠 멕시코 페소화 ETN,EN,KOSPI
Q610081,메리츠 레버리지 멕시코 페소화 ETN,EN,KOSPI
Q610082,메리츠 인도 루피화 ETN,EN,KOSPI
Q610083,메리츠 레버리지 인도 루피화 ETN,EN,KOSPI
Q610084,메리츠 미국채30년 스트립 ETN(H),EN,KOSPI
Q610085,메리츠 레버리지 미국채30년 스트립 ETN(H),EN,KOSPI
Q610086,메리츠 인버스2X 미국채30년 스트립 ETN(H),EN,KOSPI
Q610087,메리츠 WTI원유 선물 ETN(H),EN,KOSPI
Q610088,메리츠 레버리지 WTI원유 선물 ETN(H),EN,KOSPI
Q610089,메리츠 인버스 2X WTI원유 선물 ETN(H),EN,KOSPI
Q610090,메리츠 일본 국채 10년 ETN,EN,KOSPI
Q610091,메리츠 3X 레버리지 일본 국채 10년 ETN,EN,KOSPI
Q610092,메리츠 인버스 일본 국채 10년 ETN,EN,KOSPI
Q610093,메리츠 인버스 3X 일본 국채 10년 ETN,EN,KOSPI
Q610094,메리츠 천연가스 선물 ETN(H),EN,KOSPI
Q610095,메리츠 레버리지 천연가스 선물 ETN(H),EN,KOSPI
Q610096,메리츠 인버스 2X 천연가스 선물 ETN(H),EN,KOSPI
Q610097,메리츠 미국채30년스트립 커버드콜 ETN(H),EN,KOSPI
Q610098,메리츠 미국채30년 풋라이트 ETN(H),EN,KOSPI
Q610099,메리츠 은 선물 ETN(H),EN,KOSPI
Q610100,메리츠 레버리지 은 선물 ETN(H),EN,KOSPI
Q610101,메리츠 인버스 2X 은 선물 ETN(H),EN,KOSPI
Q610102,메리츠 솔랙티브 금 선물 ETN(H),EN,KOSPI
Q610103,메리츠 솔랙티브 레버리지 금 선물 ETN(H),EN,KOSPI
Q610104,메리츠 솔랙티브 인버스 2X 금 선물 ETN(H),EN,KOSPI
Q610105,메리츠 레버리지 국채30년 ETN B,EN,KOSPI
Q610106,메리츠 인버스 국채30년 ETN B,EN,KOSPI
Q700011,하나 레버리지 옥수수 선물 ETN(H),EN,KOSPI
Q700012,하나 인버스 2X 옥수수 선물 ETN(H),EN,KOSPI
Q700013,하나 레버리지 콩 선물 ETN(H),EN,KOSPI
Q700014,하나 인버스 2X 콩 선물 ETN(H),EN,KOSPI
Q700017,하나 레버리지 코스닥150 선물 ETN,EN,KOSPI
Q700018,하나 인버스 2X 코스닥150 선물 ETN,EN,KOSPI
Q700022,하나 Solactive US Tech Top 10 ETN(H),EN,KOSPI
Q700023,하나 Solactive 2X US Tech Top 10 ETN(H),EN,KOSPI
Q700026,하나 CD금리투자 ETN,EN,KOSPI
Q700027,하나 반도체 ETN,EN,KOSPI
Q700028,하나 레버리지 반도체 ETN,EN,KOSPI
Q700029,하나 S&P 레버리지 WTI원유 선물 ETN B,EN,KOSPI
Q700030,하나 S&P 인버스 2X WTI원유 선물 ETN B,EN,KOSPI
Q700031,하나 레버리지 천연가스 선물 ETN(H),EN,KOSPI
Q700032,하나 인버스 2X 천연가스 선물 ETN(H),EN,KOSPI
Q700033,하나 K방산TOP10 ETN,EN,KOSPI
Q700034,하나 레버리지 K방산TOP10 ETN,EN,KOSPI
Q700035,하나 인버스 2X K방산TOP10 ETN,EN,KOSPI
Q700036,하나 인버스 2X 반도체 ETN,EN,KOSPI
Q760004,키움 인버스 미국달러선물 ETN,EN,KOSPI
Q760005,키움 INDXX 미국테크탑10 ETN,EN,KOSPI
Q760006,키움 KPOP ETN,EN,KOSPI
Q760007,키움 코스피 200 TR ETN,EN,KOSPI
Q760008,키움 코스닥 150 TR ETN,EN,KOSPI
Q760009,키움 CD금리투자 ETN,EN,KOSPI
Q760010,키움 2차전지산업 ETN,EN,KOSPI
Q760011,키움 레버리지 2차전지산업 ETN,EN,KOSPI
Q760012,키움 반도체TOP10 ETN,EN,KOSPI
Q760013,키움 레버리지 반도체TOP10 ETN,EN,KOSPI
Q760014,키움 바이오TOP10 ETN,EN,KOSPI
Q760015,키움 레버리지 바이오TOP10 ETN,EN,KOSPI
Q760016,키움 레버리지 조선TOP10 ETN,EN,KOSPI
Q760017,키움 조선TOP10 ETN,EN,KOSPI
Q760018,키움 미국달러선물 ETN B,EN,KOSPI
Q760021,키움 코스피200 선물 달러노출 ETN,EN,KOSPI
Q760022,키움 K방산 TOP5 ETN,EN,KOSPI
Q760023,키움 레버리지 K방산 TOP5 ETN,EN,KOSPI
Q760024,키움 인버스 2X K방산 TOP5 ETN,EN,KOSPI
Q760025,키움 전력 TOP5 ETN,EN,KOSPI
Q760026,키움 레버리지 전력 TOP5 ETN,EN,KOSPI
Q760027,키움 인버스 2X 전력 TOP5 ETN,EN,KOSPI
Q760028,키움 인버스 2X 반도체TOP10 ETN,EN,KOSPI
Q760032,키움 모험자본창업투자 ETN,EN,KOSPI
900140,엘브이엠씨홀딩스,FS,KOSPI
900110,딥커머스,FS,KOSDAQ
900270,헝셩그룹,FS,KOSDAQ
900260,로스웰,FS,KOSDAQ
900290,GRT,FS,KOSDAQ
900300,오가닉티코스메틱,FS,KOSDAQ
900310,컬러레이,FS,KOSDAQ
900340,윙입푸드,FS,KOSDAQ
950190,고스트스튜디오,DR,KOSDAQ
950170,JTC,DR,KOSDAQ
950250,테라뷰,DR,KOSDAQ
950130,엑세스바이오,DR,KOSDAQ
950140,잉글우드랩,DR,KOSDAQ
950160,코오롱티슈진,DR,KOSDAQ
950220,네오이뮨텍,DR,KOSDAQ
950200,소마젠,DR,KOSDAQ
950260,인제니아테라퓨틱스(Reg.S),DR,KOSDAQ
900120,씨엑스아이,FS,KOSDAQ
900250,크리스탈신소재,FS,KOSDAQ
900070,글로벌에스엠,FS,KOSDAQ
900100,파이온엑스,FS,KOSDAQ
